/*
Navicat MySQL Data Transfer

Source Server         : localhost_mysql
Source Server Version : 50136
Source Host           : localhost:3306
Source Database       : sshdj

Target Server Type    : MYSQL
Target Server Version : 50136
File Encoding         : 65001

Date: 2011-06-02 15:03:20
*/

SET FOREIGN_KEY_CHECKS=0;
-- ----------------------------
-- Table structure for `application_alipay_returnparamater`
-- ----------------------------
DROP TABLE IF EXISTS `application_alipay_returnparamater`;
CREATE TABLE `application_alipay_returnparamater` (
  `ids` bigint(20) NOT NULL AUTO_INCREMENT,
  `createdDate` datetime DEFAULT NULL,
  `modifiedDate` datetime DEFAULT NULL,
  `valid` varchar(7) COLLATE utf8_bin DEFAULT NULL,
  `version` bigint(20) DEFAULT NULL,
  `body` varchar(500) COLLATE utf8_bin DEFAULT NULL,
  `buyer_email` varchar(100) COLLATE utf8_bin DEFAULT NULL,
  `order_no` varchar(200) COLLATE utf8_bin DEFAULT NULL,
  `receive_address` varchar(200) COLLATE utf8_bin DEFAULT NULL,
  `receive_mobile` varchar(50) COLLATE utf8_bin DEFAULT NULL,
  `receive_name` varchar(100) COLLATE utf8_bin DEFAULT NULL,
  `receive_phone` varchar(50) COLLATE utf8_bin DEFAULT NULL,
  `receive_zip` varchar(25) COLLATE utf8_bin DEFAULT NULL,
  `subject` varchar(200) COLLATE utf8_bin DEFAULT NULL,
  `total_fee` varchar(25) COLLATE utf8_bin DEFAULT NULL,
  `trade_no` varchar(200) COLLATE utf8_bin DEFAULT NULL,
  `trade_status` varchar(50) COLLATE utf8_bin DEFAULT NULL,
  `creatorUserIds` bigint(20) DEFAULT NULL,
  `modifiedUserIds` bigint(20) DEFAULT NULL,
  PRIMARY KEY (`ids`),
  UNIQUE KEY `ids` (`ids`),
  KEY `FK30446D7BF045F6D` (`creatorUserIds`),
  KEY `FK30446D79BC52230` (`modifiedUserIds`),
  CONSTRAINT `FK30446D79BC52230` FOREIGN KEY (`modifiedUserIds`) REFERENCES `pingtai_user` (`ids`),
  CONSTRAINT `FK30446D7BF045F6D` FOREIGN KEY (`creatorUserIds`) REFERENCES `pingtai_user` (`ids`)
) ENGINE=InnoDB DEFAULT CHARSET=utf8 COLLATE=utf8_bin;

-- ----------------------------
-- Records of application_alipay_returnparamater
-- ----------------------------

-- ----------------------------
-- Table structure for `application_qingjia`
-- ----------------------------
DROP TABLE IF EXISTS `application_qingjia`;
CREATE TABLE `application_qingjia` (
  `ids` bigint(20) NOT NULL AUTO_INCREMENT,
  `createdDate` datetime DEFAULT NULL,
  `modifiedDate` datetime DEFAULT NULL,
  `valid` varchar(7) COLLATE utf8_bin DEFAULT NULL,
  `version` bigint(20) DEFAULT NULL,
  `buMenJingLiDate` datetime DEFAULT NULL,
  `buMenJingLiDes` varchar(200) COLLATE utf8_bin DEFAULT NULL,
  `buMenJingLiShenPi` char(1) COLLATE utf8_bin DEFAULT NULL,
  `countDate` datetime DEFAULT NULL,
  `countDay` bigint(20) DEFAULT NULL,
  `endDate` datetime DEFAULT NULL,
  `qingJiaDes` varchar(200) COLLATE utf8_bin DEFAULT NULL,
  `qingJiaState` varchar(20) COLLATE utf8_bin DEFAULT NULL,
  `startDate` datetime DEFAULT NULL,
  `zongJingLiDate` datetime DEFAULT NULL,
  `zongJingLiDes` varchar(200) COLLATE utf8_bin DEFAULT NULL,
  `zongJingLiShenPi` char(1) COLLATE utf8_bin DEFAULT NULL,
  `creatorUserIds` bigint(20) DEFAULT NULL,
  `modifiedUserIds` bigint(20) DEFAULT NULL,
  `qingJiaUserIds` bigint(20) DEFAULT NULL,
  PRIMARY KEY (`ids`),
  UNIQUE KEY `ids` (`ids`),
  KEY `FKC3CCE3A2BF045F6D` (`creatorUserIds`),
  KEY `FKC3CCE3A28EB82C68` (`qingJiaUserIds`),
  KEY `FKC3CCE3A29BC52230` (`modifiedUserIds`),
  CONSTRAINT `FKC3CCE3A28EB82C68` FOREIGN KEY (`qingJiaUserIds`) REFERENCES `pingtai_user` (`ids`),
  CONSTRAINT `FKC3CCE3A29BC52230` FOREIGN KEY (`modifiedUserIds`) REFERENCES `pingtai_user` (`ids`),
  CONSTRAINT `FKC3CCE3A2BF045F6D` FOREIGN KEY (`creatorUserIds`) REFERENCES `pingtai_user` (`ids`)
) ENGINE=InnoDB DEFAULT CHARSET=utf8 COLLATE=utf8_bin;

-- ----------------------------
-- Records of application_qingjia
-- ----------------------------

-- ----------------------------
-- Table structure for `jbpm4_deployment`
-- ----------------------------
DROP TABLE IF EXISTS `jbpm4_deployment`;
CREATE TABLE `jbpm4_deployment` (
  `DBID_` bigint(20) NOT NULL,
  `NAME_` longtext COLLATE utf8_bin,
  `TIMESTAMP_` bigint(20) DEFAULT NULL,
  `STATE_` varchar(255) COLLATE utf8_bin DEFAULT NULL,
  PRIMARY KEY (`DBID_`)
) ENGINE=InnoDB DEFAULT CHARSET=utf8 COLLATE=utf8_bin;

-- ----------------------------
-- Records of jbpm4_deployment
-- ----------------------------
INSERT INTO jbpm4_deployment VALUES ('30022', null, '0', 'active');
INSERT INTO jbpm4_deployment VALUES ('130008', null, '0', 'active');

-- ----------------------------
-- Table structure for `jbpm4_deployprop`
-- ----------------------------
DROP TABLE IF EXISTS `jbpm4_deployprop`;
CREATE TABLE `jbpm4_deployprop` (
  `DBID_` bigint(20) NOT NULL,
  `DEPLOYMENT_` bigint(20) DEFAULT NULL,
  `OBJNAME_` varchar(255) COLLATE utf8_bin DEFAULT NULL,
  `KEY_` varchar(255) COLLATE utf8_bin DEFAULT NULL,
  `STRINGVAL_` varchar(255) COLLATE utf8_bin DEFAULT NULL,
  `LONGVAL_` bigint(20) DEFAULT NULL,
  PRIMARY KEY (`DBID_`),
  KEY `FK_DEPLPROP_DEPL` (`DEPLOYMENT_`),
  KEY `IDX_DEPLPROP_DEPL` (`DEPLOYMENT_`),
  CONSTRAINT `FK_DEPLPROP_DEPL` FOREIGN KEY (`DEPLOYMENT_`) REFERENCES `jbpm4_deployment` (`DBID_`)
) ENGINE=InnoDB DEFAULT CHARSET=utf8 COLLATE=utf8_bin;

-- ----------------------------
-- Records of jbpm4_deployprop
-- ----------------------------
INSERT INTO jbpm4_deployprop VALUES ('130011', '130008', 'QingJiaNew', 'langid', 'jpdl-4.4', null);
INSERT INTO jbpm4_deployprop VALUES ('130012', '130008', 'QingJiaNew', 'pdid', 'QingJiaNew-1', null);
INSERT INTO jbpm4_deployprop VALUES ('130013', '130008', 'QingJiaNew', 'pdkey', 'QingJiaNew', null);
INSERT INTO jbpm4_deployprop VALUES ('130014', '130008', 'QingJiaNew', 'pdversion', null, '1');

-- ----------------------------
-- Table structure for `jbpm4_execution`
-- ----------------------------
DROP TABLE IF EXISTS `jbpm4_execution`;
CREATE TABLE `jbpm4_execution` (
  `DBID_` bigint(20) NOT NULL,
  `CLASS_` varchar(255) COLLATE utf8_bin NOT NULL,
  `DBVERSION_` int(11) NOT NULL,
  `ACTIVITYNAME_` varchar(255) COLLATE utf8_bin DEFAULT NULL,
  `PROCDEFID_` varchar(255) COLLATE utf8_bin DEFAULT NULL,
  `HASVARS_` bit(1) DEFAULT NULL,
  `NAME_` varchar(255) COLLATE utf8_bin DEFAULT NULL,
  `KEY_` varchar(255) COLLATE utf8_bin DEFAULT NULL,
  `ID_` varchar(255) COLLATE utf8_bin DEFAULT NULL,
  `STATE_` varchar(255) COLLATE utf8_bin DEFAULT NULL,
  `SUSPHISTSTATE_` varchar(255) COLLATE utf8_bin DEFAULT NULL,
  `PRIORITY_` int(11) DEFAULT NULL,
  `HISACTINST_` bigint(20) DEFAULT NULL,
  `PARENT_` bigint(20) DEFAULT NULL,
  `INSTANCE_` bigint(20) DEFAULT NULL,
  `SUPEREXEC_` bigint(20) DEFAULT NULL,
  `SUBPROCINST_` bigint(20) DEFAULT NULL,
  `PARENT_IDX_` int(11) DEFAULT NULL,
  PRIMARY KEY (`DBID_`),
  UNIQUE KEY `ID_` (`ID_`),
  KEY `FK_EXEC_SUBPI` (`SUBPROCINST_`),
  KEY `FK_EXEC_INSTANCE` (`INSTANCE_`),
  KEY `FK_EXEC_SUPEREXEC` (`SUPEREXEC_`),
  KEY `FK_EXEC_PARENT` (`PARENT_`),
  KEY `IDX_EXEC_SUBPI` (`SUBPROCINST_`),
  KEY `IDX_EXEC_PARENT` (`PARENT_`),
  KEY `IDX_EXEC_SUPEREXEC` (`SUPEREXEC_`),
  KEY `IDX_EXEC_INSTANCE` (`INSTANCE_`),
  CONSTRAINT `FK_EXEC_INSTANCE` FOREIGN KEY (`INSTANCE_`) REFERENCES `jbpm4_execution` (`DBID_`),
  CONSTRAINT `FK_EXEC_PARENT` FOREIGN KEY (`PARENT_`) REFERENCES `jbpm4_execution` (`DBID_`),
  CONSTRAINT `FK_EXEC_SUBPI` FOREIGN KEY (`SUBPROCINST_`) REFERENCES `jbpm4_execution` (`DBID_`),
  CONSTRAINT `FK_EXEC_SUPEREXEC` FOREIGN KEY (`SUPEREXEC_`) REFERENCES `jbpm4_execution` (`DBID_`)
) ENGINE=InnoDB DEFAULT CHARSET=utf8 COLLATE=utf8_bin;

-- ----------------------------
-- Records of jbpm4_execution
-- ----------------------------
INSERT INTO jbpm4_execution VALUES ('200001', 'pvm', '1', '填写请假单', 'QingJiaNew-1', '', null, null, 'QingJiaNew.200001', 'active-root', null, '0', '200004', null, '200001', null, null, null);

-- ----------------------------
-- Table structure for `jbpm4_hist_actinst`
-- ----------------------------
DROP TABLE IF EXISTS `jbpm4_hist_actinst`;
CREATE TABLE `jbpm4_hist_actinst` (
  `DBID_` bigint(20) NOT NULL,
  `CLASS_` varchar(255) COLLATE utf8_bin NOT NULL,
  `DBVERSION_` int(11) NOT NULL,
  `HPROCI_` bigint(20) DEFAULT NULL,
  `TYPE_` varchar(255) COLLATE utf8_bin DEFAULT NULL,
  `EXECUTION_` varchar(255) COLLATE utf8_bin DEFAULT NULL,
  `ACTIVITY_NAME_` varchar(255) COLLATE utf8_bin DEFAULT NULL,
  `START_` datetime DEFAULT NULL,
  `END_` datetime DEFAULT NULL,
  `DURATION_` bigint(20) DEFAULT NULL,
  `TRANSITION_` varchar(255) COLLATE utf8_bin DEFAULT NULL,
  `NEXTIDX_` int(11) DEFAULT NULL,
  `HTASK_` bigint(20) DEFAULT NULL,
  PRIMARY KEY (`DBID_`),
  KEY `FK_HACTI_HPROCI` (`HPROCI_`),
  KEY `FK_HTI_HTASK` (`HTASK_`),
  KEY `IDX_HTI_HTASK` (`HTASK_`),
  KEY `IDX_HACTI_HPROCI` (`HPROCI_`),
  CONSTRAINT `FK_HACTI_HPROCI` FOREIGN KEY (`HPROCI_`) REFERENCES `jbpm4_hist_procinst` (`DBID_`),
  CONSTRAINT `FK_HTI_HTASK` FOREIGN KEY (`HTASK_`) REFERENCES `jbpm4_hist_task` (`DBID_`)
) ENGINE=InnoDB DEFAULT CHARSET=utf8 COLLATE=utf8_bin;

-- ----------------------------
-- Records of jbpm4_hist_actinst
-- ----------------------------
INSERT INTO jbpm4_hist_actinst VALUES ('130018', 'task', '1', '130015', 'task', 'QingJiaNew.130015', '填写请假单', '2011-02-27 20:48:01', '2011-02-27 20:48:21', '20003', 'jbpm_no_task_outcome_specified_jbpm', '1', '130017');
INSERT INTO jbpm4_hist_actinst VALUES ('130022', 'task', '1', '130015', 'task', 'QingJiaNew.130015', '部门经理审批', '2011-02-27 20:48:21', '2011-02-27 21:18:26', '1805457', 'jbpm_no_task_outcome_specified_jbpm', '1', '130021');
INSERT INTO jbpm4_hist_actinst VALUES ('150001', 'excl', '0', '130015', 'decision', 'QingJiaNew.130015', 'exclusive1', '2011-02-27 21:18:29', '2011-02-27 21:18:29', '234', '小于3天', '1', null);
INSERT INTO jbpm4_hist_actinst VALUES ('160004', 'task', '1', '160001', 'task', 'QingJiaNew.160001', '填写请假单', '2011-02-28 20:36:41', '2011-02-28 20:37:48', '67511', 'jbpm_no_task_outcome_specified_jbpm', '1', '160003');
INSERT INTO jbpm4_hist_actinst VALUES ('160008', 'task', '1', '160001', 'task', 'QingJiaNew.160001', '部门经理审批', '2011-02-28 20:37:48', '2011-02-28 20:45:15', '447546', 'jbpm_no_task_outcome_specified_jbpm', '1', '160007');
INSERT INTO jbpm4_hist_actinst VALUES ('160009', 'excl', '0', '160001', 'decision', 'QingJiaNew.160001', 'exclusive1', '2011-02-28 20:45:15', '2011-02-28 20:45:15', '47', '大于3天', '1', null);
INSERT INTO jbpm4_hist_actinst VALUES ('160011', 'task', '1', '160001', 'task', 'QingJiaNew.160001', '总经理审批', '2011-02-28 20:45:15', '2011-02-28 20:47:26', '131245', 'jbpm_no_task_outcome_specified_jbpm', '1', '160010');
INSERT INTO jbpm4_hist_actinst VALUES ('170004', 'task', '1', '170001', 'task', 'QingJiaNew.170001', '填写请假单', '2011-02-28 21:13:30', '2011-02-28 21:13:52', '22314', 'jbpm_no_task_outcome_specified_jbpm', '1', '170003');
INSERT INTO jbpm4_hist_actinst VALUES ('170008', 'task', '1', '170001', 'task', 'QingJiaNew.170001', '部门经理审批', '2011-02-28 21:13:52', '2011-02-28 21:14:14', '22868', 'jbpm_no_task_outcome_specified_jbpm', '1', '170007');
INSERT INTO jbpm4_hist_actinst VALUES ('170009', 'excl', '0', '170001', 'decision', 'QingJiaNew.170001', 'exclusive1', '2011-02-28 21:14:14', '2011-02-28 21:14:14', '20', '大于3天', '1', null);
INSERT INTO jbpm4_hist_actinst VALUES ('170011', 'task', '1', '170001', 'task', 'QingJiaNew.170001', '总经理审批', '2011-02-28 21:14:14', '2011-02-28 21:14:39', '25028', 'jbpm_no_task_outcome_specified_jbpm', '1', '170010');
INSERT INTO jbpm4_hist_actinst VALUES ('180004', 'task', '1', '180001', 'task', 'QingJiaNew.180001', '填写请假单', '2011-06-01 15:13:44', '2011-06-01 15:32:19', '1115806', 'jbpm_no_task_outcome_specified_jbpm', '1', '180003');
INSERT INTO jbpm4_hist_actinst VALUES ('180008', 'task', '1', '180005', 'task', 'QingJiaNew.180005', '填写请假单', '2011-06-01 15:13:57', '2011-06-01 15:31:46', '1069308', 'jbpm_no_task_outcome_specified_jbpm', '1', '180007');
INSERT INTO jbpm4_hist_actinst VALUES ('190004', 'task', '1', '190001', 'task', 'QingJiaNew.190001', '填写请假单', '2011-06-01 15:26:54', '2011-06-01 15:31:16', '262231', 'jbpm_no_task_outcome_specified_jbpm', '1', '190003');
INSERT INTO jbpm4_hist_actinst VALUES ('190008', 'task', '1', '190005', 'task', 'QingJiaNew.190005', '填写请假单', '2011-06-01 15:28:28', '2011-06-01 15:30:26', '118247', 'jbpm_no_task_outcome_specified_jbpm', '1', '190007');
INSERT INTO jbpm4_hist_actinst VALUES ('190012', 'task', '1', '190005', 'task', 'QingJiaNew.190005', '部门经理审批', '2011-06-01 15:30:26', '2011-06-01 15:30:47', '21348', 'jbpm_no_task_outcome_specified_jbpm', '1', '190011');
INSERT INTO jbpm4_hist_actinst VALUES ('190013', 'excl', '0', '190005', 'decision', 'QingJiaNew.190005', 'exclusive1', '2011-06-01 15:30:47', '2011-06-01 15:30:47', '30', '小于3天', '1', null);
INSERT INTO jbpm4_hist_actinst VALUES ('190017', 'task', '1', '190001', 'task', 'QingJiaNew.190001', '部门经理审批', '2011-06-01 15:31:16', '2011-06-01 15:31:30', '14028', 'jbpm_no_task_outcome_specified_jbpm', '1', '190016');
INSERT INTO jbpm4_hist_actinst VALUES ('190018', 'excl', '0', '190001', 'decision', 'QingJiaNew.190001', 'exclusive1', '2011-06-01 15:31:30', '2011-06-01 15:31:30', '16', '小于3天', '1', null);
INSERT INTO jbpm4_hist_actinst VALUES ('190022', 'task', '1', '180005', 'task', 'QingJiaNew.180005', '部门经理审批', '2011-06-01 15:31:46', '2011-06-01 15:31:55', '9187', 'jbpm_no_task_outcome_specified_jbpm', '1', '190021');
INSERT INTO jbpm4_hist_actinst VALUES ('190023', 'excl', '0', '180005', 'decision', 'QingJiaNew.180005', 'exclusive1', '2011-06-01 15:31:55', '2011-06-01 15:31:55', '0', '大于3天', '1', null);
INSERT INTO jbpm4_hist_actinst VALUES ('190025', 'task', '1', '180005', 'task', 'QingJiaNew.180005', '总经理审批', '2011-06-01 15:31:55', '2011-06-01 15:32:03', '8050', 'jbpm_no_task_outcome_specified_jbpm', '1', '190024');
INSERT INTO jbpm4_hist_actinst VALUES ('190029', 'task', '1', '180001', 'task', 'QingJiaNew.180001', '部门经理审批', '2011-06-01 15:32:19', '2011-06-01 15:32:28', '9041', 'jbpm_no_task_outcome_specified_jbpm', '1', '190028');
INSERT INTO jbpm4_hist_actinst VALUES ('190030', 'excl', '0', '180001', 'decision', 'QingJiaNew.180001', 'exclusive1', '2011-06-01 15:32:28', '2011-06-01 15:32:28', '16', '小于3天', '1', null);
INSERT INTO jbpm4_hist_actinst VALUES ('200004', 'task', '0', '200001', 'task', 'QingJiaNew.200001', '填写请假单', '2011-06-02 10:25:18', null, '0', null, '1', '200003');

-- ----------------------------
-- Table structure for `jbpm4_hist_detail`
-- ----------------------------
DROP TABLE IF EXISTS `jbpm4_hist_detail`;
CREATE TABLE `jbpm4_hist_detail` (
  `DBID_` bigint(20) NOT NULL,
  `CLASS_` varchar(255) COLLATE utf8_bin NOT NULL,
  `DBVERSION_` int(11) NOT NULL,
  `USERID_` varchar(255) COLLATE utf8_bin DEFAULT NULL,
  `TIME_` datetime DEFAULT NULL,
  `HPROCI_` bigint(20) DEFAULT NULL,
  `HPROCIIDX_` int(11) DEFAULT NULL,
  `HACTI_` bigint(20) DEFAULT NULL,
  `HACTIIDX_` int(11) DEFAULT NULL,
  `HTASK_` bigint(20) DEFAULT NULL,
  `HTASKIDX_` int(11) DEFAULT NULL,
  `HVAR_` bigint(20) DEFAULT NULL,
  `HVARIDX_` int(11) DEFAULT NULL,
  `MESSAGE_` longtext COLLATE utf8_bin,
  `OLD_STR_` varchar(255) COLLATE utf8_bin DEFAULT NULL,
  `NEW_STR_` varchar(255) COLLATE utf8_bin DEFAULT NULL,
  `OLD_INT_` int(11) DEFAULT NULL,
  `NEW_INT_` int(11) DEFAULT NULL,
  `OLD_TIME_` datetime DEFAULT NULL,
  `NEW_TIME_` datetime DEFAULT NULL,
  `PARENT_` bigint(20) DEFAULT NULL,
  `PARENT_IDX_` int(11) DEFAULT NULL,
  PRIMARY KEY (`DBID_`),
  KEY `FK_HDETAIL_HVAR` (`HVAR_`),
  KEY `FK_HDETAIL_HPROCI` (`HPROCI_`),
  KEY `FK_HDETAIL_HTASK` (`HTASK_`),
  KEY `FK_HDETAIL_HACTI` (`HACTI_`),
  KEY `IDX_HDET_HVAR` (`HVAR_`),
  KEY `IDX_HDET_HACTI` (`HACTI_`),
  KEY `IDX_HDET_HTASK` (`HTASK_`),
  KEY `IDX_HDET_HPROCI` (`HPROCI_`),
  CONSTRAINT `FK_HDETAIL_HACTI` FOREIGN KEY (`HACTI_`) REFERENCES `jbpm4_hist_actinst` (`DBID_`),
  CONSTRAINT `FK_HDETAIL_HPROCI` FOREIGN KEY (`HPROCI_`) REFERENCES `jbpm4_hist_procinst` (`DBID_`),
  CONSTRAINT `FK_HDETAIL_HTASK` FOREIGN KEY (`HTASK_`) REFERENCES `jbpm4_hist_task` (`DBID_`),
  CONSTRAINT `FK_HDETAIL_HVAR` FOREIGN KEY (`HVAR_`) REFERENCES `jbpm4_hist_var` (`DBID_`)
) ENGINE=InnoDB DEFAULT CHARSET=utf8 COLLATE=utf8_bin;

-- ----------------------------
-- Records of jbpm4_hist_detail
-- ----------------------------

-- ----------------------------
-- Table structure for `jbpm4_hist_procinst`
-- ----------------------------
DROP TABLE IF EXISTS `jbpm4_hist_procinst`;
CREATE TABLE `jbpm4_hist_procinst` (
  `DBID_` bigint(20) NOT NULL,
  `DBVERSION_` int(11) NOT NULL,
  `ID_` varchar(255) COLLATE utf8_bin DEFAULT NULL,
  `PROCDEFID_` varchar(255) COLLATE utf8_bin DEFAULT NULL,
  `KEY_` varchar(255) COLLATE utf8_bin DEFAULT NULL,
  `START_` datetime DEFAULT NULL,
  `END_` datetime DEFAULT NULL,
  `DURATION_` bigint(20) DEFAULT NULL,
  `STATE_` varchar(255) COLLATE utf8_bin DEFAULT NULL,
  `ENDACTIVITY_` varchar(255) COLLATE utf8_bin DEFAULT NULL,
  `NEXTIDX_` int(11) DEFAULT NULL,
  PRIMARY KEY (`DBID_`)
) ENGINE=InnoDB DEFAULT CHARSET=utf8 COLLATE=utf8_bin;

-- ----------------------------
-- Records of jbpm4_hist_procinst
-- ----------------------------
INSERT INTO jbpm4_hist_procinst VALUES ('130015', '1', 'QingJiaNew.130015', 'QingJiaNew-1', null, '2011-02-27 20:48:01', '2011-02-27 21:18:29', '1828266', 'ended', '结束', '1');
INSERT INTO jbpm4_hist_procinst VALUES ('160001', '1', 'QingJiaNew.160001', 'QingJiaNew-1', null, '2011-02-28 20:36:41', '2011-02-28 20:47:26', '645274', 'ended', '结束', '1');
INSERT INTO jbpm4_hist_procinst VALUES ('170001', '1', 'QingJiaNew.170001', 'QingJiaNew-1', null, '2011-02-28 21:13:30', '2011-02-28 21:14:39', '69059', 'ended', '结束', '1');
INSERT INTO jbpm4_hist_procinst VALUES ('180001', '1', 'QingJiaNew.180001', 'QingJiaNew-1', null, '2011-06-01 15:13:44', '2011-06-01 15:32:28', '1124072', 'ended', '结束', '1');
INSERT INTO jbpm4_hist_procinst VALUES ('180005', '1', 'QingJiaNew.180005', 'QingJiaNew-1', null, '2011-06-01 15:13:57', '2011-06-01 15:32:03', '1086065', 'ended', '结束', '1');
INSERT INTO jbpm4_hist_procinst VALUES ('190001', '1', 'QingJiaNew.190001', 'QingJiaNew-1', null, '2011-06-01 15:26:54', '2011-06-01 15:31:30', '276059', 'ended', '结束', '1');
INSERT INTO jbpm4_hist_procinst VALUES ('190005', '1', 'QingJiaNew.190005', 'QingJiaNew-1', null, '2011-06-01 15:28:28', '2011-06-01 15:30:47', '139396', 'ended', '结束', '1');
INSERT INTO jbpm4_hist_procinst VALUES ('200001', '0', 'QingJiaNew.200001', 'QingJiaNew-1', null, '2011-06-02 10:25:18', null, null, 'active', null, '1');

-- ----------------------------
-- Table structure for `jbpm4_hist_task`
-- ----------------------------
DROP TABLE IF EXISTS `jbpm4_hist_task`;
CREATE TABLE `jbpm4_hist_task` (
  `DBID_` bigint(20) NOT NULL,
  `DBVERSION_` int(11) NOT NULL,
  `EXECUTION_` varchar(255) COLLATE utf8_bin DEFAULT NULL,
  `OUTCOME_` varchar(255) COLLATE utf8_bin DEFAULT NULL,
  `ASSIGNEE_` varchar(255) COLLATE utf8_bin DEFAULT NULL,
  `PRIORITY_` int(11) DEFAULT NULL,
  `STATE_` varchar(255) COLLATE utf8_bin DEFAULT NULL,
  `CREATE_` datetime DEFAULT NULL,
  `END_` datetime DEFAULT NULL,
  `DURATION_` bigint(20) DEFAULT NULL,
  `NEXTIDX_` int(11) DEFAULT NULL,
  `SUPERTASK_` bigint(20) DEFAULT NULL,
  PRIMARY KEY (`DBID_`),
  KEY `FK_HSUPERT_SUB` (`SUPERTASK_`),
  KEY `IDX_HSUPERT_SUB` (`SUPERTASK_`),
  CONSTRAINT `FK_HSUPERT_SUB` FOREIGN KEY (`SUPERTASK_`) REFERENCES `jbpm4_hist_task` (`DBID_`)
) ENGINE=InnoDB DEFAULT CHARSET=utf8 COLLATE=utf8_bin;

-- ----------------------------
-- Records of jbpm4_hist_task
-- ----------------------------
INSERT INTO jbpm4_hist_task VALUES ('130017', '1', 'QingJiaNew.130015', 'jbpm_no_task_outcome_specified_jbpm', '1', '0', 'completed', '2011-02-27 20:48:01', '2011-02-27 20:48:21', '20003', '1', null);
INSERT INTO jbpm4_hist_task VALUES ('130021', '1', 'QingJiaNew.130015', 'jbpm_no_task_outcome_specified_jbpm', '1', '0', 'completed', '2011-02-27 20:48:21', '2011-02-27 21:18:26', '1805488', '1', null);
INSERT INTO jbpm4_hist_task VALUES ('160003', '1', 'QingJiaNew.160001', 'jbpm_no_task_outcome_specified_jbpm', '1', '0', 'completed', '2011-02-28 20:37:15', '2011-02-28 20:37:48', '33541', '1', null);
INSERT INTO jbpm4_hist_task VALUES ('160007', '1', 'QingJiaNew.160001', 'jbpm_no_task_outcome_specified_jbpm', '1', '0', 'completed', '2011-02-28 20:37:58', '2011-02-28 20:45:15', '437577', '1', null);
INSERT INTO jbpm4_hist_task VALUES ('160010', '1', 'QingJiaNew.160001', 'jbpm_no_task_outcome_specified_jbpm', '1', '0', 'completed', '2011-02-28 20:45:17', '2011-02-28 20:47:26', '129245', '1', null);
INSERT INTO jbpm4_hist_task VALUES ('170003', '1', 'QingJiaNew.170001', 'jbpm_no_task_outcome_specified_jbpm', '1', '0', 'completed', '2011-02-28 21:13:31', '2011-02-28 21:13:52', '21314', '1', null);
INSERT INTO jbpm4_hist_task VALUES ('170007', '1', 'QingJiaNew.170001', 'jbpm_no_task_outcome_specified_jbpm', '1', '0', 'completed', '2011-02-28 21:13:52', '2011-02-28 21:14:14', '22886', '1', null);
INSERT INTO jbpm4_hist_task VALUES ('170010', '1', 'QingJiaNew.170001', 'jbpm_no_task_outcome_specified_jbpm', '1', '0', 'completed', '2011-02-28 21:14:14', '2011-02-28 21:14:39', '25043', '1', null);
INSERT INTO jbpm4_hist_task VALUES ('180003', '1', 'QingJiaNew.180001', 'jbpm_no_task_outcome_specified_jbpm', '1', '0', 'completed', '2011-06-01 15:13:44', '2011-06-01 15:32:19', '1115821', '1', null);
INSERT INTO jbpm4_hist_task VALUES ('180007', '1', 'QingJiaNew.180005', 'jbpm_no_task_outcome_specified_jbpm', '1', '0', 'completed', '2011-06-01 15:13:57', '2011-06-01 15:31:46', '1069308', '1', null);
INSERT INTO jbpm4_hist_task VALUES ('190003', '1', 'QingJiaNew.190001', 'jbpm_no_task_outcome_specified_jbpm', '1', '0', 'completed', '2011-06-01 15:26:54', '2011-06-01 15:31:16', '262231', '1', null);
INSERT INTO jbpm4_hist_task VALUES ('190007', '1', 'QingJiaNew.190005', 'jbpm_no_task_outcome_specified_jbpm', '1', '0', 'completed', '2011-06-01 15:28:28', '2011-06-01 15:30:26', '118248', '1', null);
INSERT INTO jbpm4_hist_task VALUES ('190011', '1', 'QingJiaNew.190005', 'jbpm_no_task_outcome_specified_jbpm', '1', '0', 'completed', '2011-06-01 15:30:26', '2011-06-01 15:30:47', '21348', '1', null);
INSERT INTO jbpm4_hist_task VALUES ('190016', '1', 'QingJiaNew.190001', 'jbpm_no_task_outcome_specified_jbpm', '1', '0', 'completed', '2011-06-01 15:31:16', '2011-06-01 15:31:30', '14028', '1', null);
INSERT INTO jbpm4_hist_task VALUES ('190021', '1', 'QingJiaNew.180005', 'jbpm_no_task_outcome_specified_jbpm', '1', '0', 'completed', '2011-06-01 15:31:46', '2011-06-01 15:31:55', '9187', '1', null);
INSERT INTO jbpm4_hist_task VALUES ('190024', '1', 'QingJiaNew.180005', 'jbpm_no_task_outcome_specified_jbpm', '1', '0', 'completed', '2011-06-01 15:31:55', '2011-06-01 15:32:03', '8050', '1', null);
INSERT INTO jbpm4_hist_task VALUES ('190028', '1', 'QingJiaNew.180001', 'jbpm_no_task_outcome_specified_jbpm', '1', '0', 'completed', '2011-06-01 15:32:19', '2011-06-01 15:32:28', '9041', '1', null);
INSERT INTO jbpm4_hist_task VALUES ('200003', '0', 'QingJiaNew.200001', null, '1', '0', null, '2011-06-02 10:25:18', null, '0', '1', null);

-- ----------------------------
-- Table structure for `jbpm4_hist_var`
-- ----------------------------
DROP TABLE IF EXISTS `jbpm4_hist_var`;
CREATE TABLE `jbpm4_hist_var` (
  `DBID_` bigint(20) NOT NULL,
  `DBVERSION_` int(11) NOT NULL,
  `PROCINSTID_` varchar(255) COLLATE utf8_bin DEFAULT NULL,
  `EXECUTIONID_` varchar(255) COLLATE utf8_bin DEFAULT NULL,
  `VARNAME_` varchar(255) COLLATE utf8_bin DEFAULT NULL,
  `VALUE_` varchar(255) COLLATE utf8_bin DEFAULT NULL,
  `HPROCI_` bigint(20) DEFAULT NULL,
  `HTASK_` bigint(20) DEFAULT NULL,
  PRIMARY KEY (`DBID_`),
  KEY `FK_HVAR_HPROCI` (`HPROCI_`),
  KEY `FK_HVAR_HTASK` (`HTASK_`),
  KEY `IDX_HVAR_HTASK` (`HTASK_`),
  KEY `IDX_HVAR_HPROCI` (`HPROCI_`),
  CONSTRAINT `FK_HVAR_HPROCI` FOREIGN KEY (`HPROCI_`) REFERENCES `jbpm4_hist_procinst` (`DBID_`),
  CONSTRAINT `FK_HVAR_HTASK` FOREIGN KEY (`HTASK_`) REFERENCES `jbpm4_hist_task` (`DBID_`)
) ENGINE=InnoDB DEFAULT CHARSET=utf8 COLLATE=utf8_bin;

-- ----------------------------
-- Records of jbpm4_hist_var
-- ----------------------------

-- ----------------------------
-- Table structure for `jbpm4_id_group`
-- ----------------------------
DROP TABLE IF EXISTS `jbpm4_id_group`;
CREATE TABLE `jbpm4_id_group` (
  `DBID_` bigint(20) NOT NULL,
  `DBVERSION_` int(11) NOT NULL,
  `ID_` varchar(255) COLLATE utf8_bin DEFAULT NULL,
  `NAME_` varchar(255) COLLATE utf8_bin DEFAULT NULL,
  `TYPE_` varchar(255) COLLATE utf8_bin DEFAULT NULL,
  `PARENT_` bigint(20) DEFAULT NULL,
  PRIMARY KEY (`DBID_`),
  KEY `FK_GROUP_PARENT` (`PARENT_`),
  KEY `IDX_GROUP_PARENT` (`PARENT_`),
  CONSTRAINT `FK_GROUP_PARENT` FOREIGN KEY (`PARENT_`) REFERENCES `jbpm4_id_group` (`DBID_`)
) ENGINE=InnoDB DEFAULT CHARSET=utf8 COLLATE=utf8_bin;

-- ----------------------------
-- Records of jbpm4_id_group
-- ----------------------------

-- ----------------------------
-- Table structure for `jbpm4_id_membership`
-- ----------------------------
DROP TABLE IF EXISTS `jbpm4_id_membership`;
CREATE TABLE `jbpm4_id_membership` (
  `DBID_` bigint(20) NOT NULL,
  `DBVERSION_` int(11) NOT NULL,
  `USER_` bigint(20) DEFAULT NULL,
  `GROUP_` bigint(20) DEFAULT NULL,
  `NAME_` varchar(255) COLLATE utf8_bin DEFAULT NULL,
  PRIMARY KEY (`DBID_`),
  KEY `FK_MEM_GROUP` (`GROUP_`),
  KEY `FK_MEM_USER` (`USER_`),
  KEY `IDX_MEM_GROUP` (`GROUP_`),
  KEY `IDX_MEM_USER` (`USER_`),
  CONSTRAINT `FK_MEM_GROUP` FOREIGN KEY (`GROUP_`) REFERENCES `jbpm4_id_group` (`DBID_`),
  CONSTRAINT `FK_MEM_USER` FOREIGN KEY (`USER_`) REFERENCES `jbpm4_id_user` (`DBID_`)
) ENGINE=InnoDB DEFAULT CHARSET=utf8 COLLATE=utf8_bin;

-- ----------------------------
-- Records of jbpm4_id_membership
-- ----------------------------

-- ----------------------------
-- Table structure for `jbpm4_id_user`
-- ----------------------------
DROP TABLE IF EXISTS `jbpm4_id_user`;
CREATE TABLE `jbpm4_id_user` (
  `DBID_` bigint(20) NOT NULL,
  `DBVERSION_` int(11) NOT NULL,
  `ID_` varchar(255) COLLATE utf8_bin DEFAULT NULL,
  `PASSWORD_` varchar(255) COLLATE utf8_bin DEFAULT NULL,
  `GIVENNAME_` varchar(255) COLLATE utf8_bin DEFAULT NULL,
  `FAMILYNAME_` varchar(255) COLLATE utf8_bin DEFAULT NULL,
  `BUSINESSEMAIL_` varchar(255) COLLATE utf8_bin DEFAULT NULL,
  PRIMARY KEY (`DBID_`)
) ENGINE=InnoDB DEFAULT CHARSET=utf8 COLLATE=utf8_bin;

-- ----------------------------
-- Records of jbpm4_id_user
-- ----------------------------

-- ----------------------------
-- Table structure for `jbpm4_job`
-- ----------------------------
DROP TABLE IF EXISTS `jbpm4_job`;
CREATE TABLE `jbpm4_job` (
  `DBID_` bigint(20) NOT NULL,
  `CLASS_` varchar(255) COLLATE utf8_bin NOT NULL,
  `DBVERSION_` int(11) NOT NULL,
  `DUEDATE_` datetime DEFAULT NULL,
  `STATE_` varchar(255) COLLATE utf8_bin DEFAULT NULL,
  `ISEXCLUSIVE_` bit(1) DEFAULT NULL,
  `LOCKOWNER_` varchar(255) COLLATE utf8_bin DEFAULT NULL,
  `LOCKEXPTIME_` datetime DEFAULT NULL,
  `EXCEPTION_` longtext COLLATE utf8_bin,
  `RETRIES_` int(11) DEFAULT NULL,
  `PROCESSINSTANCE_` bigint(20) DEFAULT NULL,
  `EXECUTION_` bigint(20) DEFAULT NULL,
  `CFG_` bigint(20) DEFAULT NULL,
  `SIGNAL_` varchar(255) COLLATE utf8_bin DEFAULT NULL,
  `EVENT_` varchar(255) COLLATE utf8_bin DEFAULT NULL,
  `REPEAT_` varchar(255) COLLATE utf8_bin DEFAULT NULL,
  PRIMARY KEY (`DBID_`),
  KEY `FK_JOB_CFG` (`CFG_`),
  KEY `IDX_JOBRETRIES` (`RETRIES_`),
  KEY `IDX_JOBDUEDATE` (`DUEDATE_`),
  KEY `IDX_JOBLOCKEXP` (`LOCKEXPTIME_`),
  KEY `IDX_JOB_CFG` (`CFG_`),
  KEY `IDX_JOB_EXE` (`EXECUTION_`),
  KEY `IDX_JOB_PRINST` (`PROCESSINSTANCE_`),
  CONSTRAINT `FK_JOB_CFG` FOREIGN KEY (`CFG_`) REFERENCES `jbpm4_lob` (`DBID_`)
) ENGINE=InnoDB DEFAULT CHARSET=utf8 COLLATE=utf8_bin;

-- ----------------------------
-- Records of jbpm4_job
-- ----------------------------

-- ----------------------------
-- Table structure for `jbpm4_lob`
-- ----------------------------
DROP TABLE IF EXISTS `jbpm4_lob`;
CREATE TABLE `jbpm4_lob` (
  `DBID_` bigint(20) NOT NULL,
  `DBVERSION_` int(11) NOT NULL,
  `BLOB_VALUE_` longblob,
  `DEPLOYMENT_` bigint(20) DEFAULT NULL,
  `NAME_` longtext COLLATE utf8_bin,
  PRIMARY KEY (`DBID_`),
  KEY `FK_LOB_DEPLOYMENT` (`DEPLOYMENT_`),
  KEY `IDX_LOB_DEPLOYMENT` (`DEPLOYMENT_`),
  CONSTRAINT `FK_LOB_DEPLOYMENT` FOREIGN KEY (`DEPLOYMENT_`) REFERENCES `jbpm4_deployment` (`DBID_`)
) ENGINE=InnoDB DEFAULT CHARSET=utf8 COLLATE=utf8_bin;

-- ----------------------------
-- Records of jbpm4_lob
-- ----------------------------
INSERT INTO jbpm4_lob VALUES ('130009', '0', 0x3C3F786D6C2076657273696F6E3D22312E302220656E636F64696E673D225554462D38223F3E0D0A0D0A3C70726F63657373206465736372697074696F6E3D2251696E674A69614E657722206B65793D2251696E674A69614E657722206E616D653D2251696E674A69614E6577222076657273696F6E3D22312220786D6C6E733D22687474703A2F2F6A62706D2E6F72672F342E342F6A70646C223E0D0A2020203C7374617274206E616D653D227374617274312220673D223134322C31362C34382C3438223E0D0A2020202020203C7472616E736974696F6E206E616D653D22E58EBBE5A1ABE58699E8AFB7E58187E58D952220746F3D22E5A1ABE58699E8AFB7E58187E58D952220673D222D38332C2D3137222F3E0D0A2020203C2F73746172743E0D0A2020200D0A2020203C7461736B206E616D653D22E5A1ABE58699E8AFB7E58187E58D952220673D223131382C3131362C39322C3532223E0D0A2020202020203C7472616E736974696F6E206E616D653D22E68F90E4BAA4E983A8E997A8E7BB8FE79086E5AEA1E689B92220746F3D22E983A8E997A8E7BB8FE79086E5AEA1E689B92220673D222D3130372C2D3133222F3E0D0A2020203C2F7461736B3E0D0A2020200D0A2020203C7461736B206E616D653D22E983A8E997A8E7BB8FE79086E5AEA1E689B92220673D223132302C3232342C39322C3532223E0D0A2020202020203C7472616E736974696F6E206E616D653D22E698AFE590A6E5A4A7E4BA8E33E5A4A92220746F3D226578636C7573697665312220673D222D37392C2D36222F3E0D0A2020203C2F7461736B3E0D0A2020200D0A2020203C6465636973696F6E206E616D653D226578636C7573697665312220657870723D22237B636F756E744461793E3D33203F2027E5A4A7E4BA8E33E5A4A927203A2027E5B08FE4BA8E33E5A4A9277D2220673D223134332C3333372C34382C3438223E0D0A2020202020203C7472616E736974696F6E206E616D653D22E5B08FE4BA8E33E5A4A92220746F3D22E7BB93E69D9F2220673D222D32342C36222F3E0D0A2020202020203C7472616E736974696F6E206E616D653D22E5A4A7E4BA8E33E5A4A92220746F3D22E680BBE7BB8FE79086E5AEA1E689B92220673D222D33382C2D3134222F3E0D0A2020203C2F6465636973696F6E3E0D0A2020200D0A2020203C7461736B206E616D653D22E680BBE7BB8FE79086E5AEA1E689B92220673D223334362C3232372C39322C3532223E0D0A2020202020203C7472616E736974696F6E206E616D653D22746F20656E64312220746F3D22E7BB93E69D9F2220673D222D34372C2D3137222F3E0D0A2020203C2F7461736B3E0D0A2020200D0A2020203C656E64206E616D653D22E7BB93E69D9F2220673D223337332C3333382C34382C3438222F3E0D0A3C2F70726F636573733E, '130008', 0x51696E674A69614E65772E6A70646C2E786D6C);
INSERT INTO jbpm4_lob VALUES ('130010', '0', 0x89504E470D0A1A0A0000000D4948445200000352000001D0080200000024A3CCAA000037D049444154789CEDDD7D705CE57DE8F1CEF4CFFC974C667A6927E5E64EDA1B7A69E9749A813BED1D3ACD1D9A99DB509A175272D39092046E4B9A9062421208B28563130411B5490491B10CB2BD76245BC6325E0B19D9526C599664D9ACE4952CC92B4B166BBD6EF46AEB05F9FE761FE978BD2F4747AB959F3DE7F97EE619CDBE9C73F6ECFA30FBE5D9B7DFB90E00000003FC8EEE1D000000C0AD40F60100001881EC0300003002D90700006004B20F0000C008641F00008011C83E00000023907D0000004620FB0000008C40F60100001881EC0300003002D90700006004B20F0000C008641F00008011C83E00000023907D0000004620FB0000008C40F60100001881EC0300003002D90700006004B2CFCB1616163E8C999F9F9F4B43AE52CBC8C2BAF7170000AC21B2CF9B54F049D5CDCCCC5CBD7A756A6A6A72727222895C2857C902B2982C4CFC0100E061649FD758C177EDDA35A9BA83F55B376EFFA7FFF7D3BFF8A7A73FF18FDFFFF83F7CEF6332E4849C950BE5AAB74F6E1D1919191B1B93856515E20F0000AF22FBBC233EF8C627C6B6963DFEAD0D7FFAE575B7FDEBA6BFFCD95BFF5C5E5B702674F883C9A00C392167E542B94A1690C564E12B03E1482442FC0100E055649F47A8E69B9D9D9D9E9E2E3D92F7EDFC3FFBC67377BCB2E7D18E819391F95E9B210BC862B2B0ACF2D691BCC1C1C1B1B131D9886C8AF20300C04BC83E2F50CD373333333535F5FC1B5F7EE887B717FABE6D5F7BC94356911565F5FEFEFED1D151D9946C90F20300C033C83ED7B39A2F3C1C7AEA3FFFF7E32FDC5D777ECF4A9B4F0D595156978D5C0805868787272626283F00003C83EC7337ABF924D124D79EDE72DFC0D50B99359F1AB2BA6C443675E9D2A5A1A121CA0F0000CF20FBDC4DBD9F6F6A6A2A7FDB971E7FE1EE55369F557EB229D9A094DFF0F0B06C5CBDCF4FF77D050000AB42F6B9D8C2C2C2DCDCDCF4F4F40EFF330FFDF0F68C5FDB4DF96AAF6CB0E4F033BDBDBDA3A3A3721372434CF80100E06A649F8B7DF8E187D7AE5D8BFC76E45BF97FE6F4331C732BF884876CF67CB0B5BFBF7F6C6C4C6E88093F00005C8DEC732B35D537393959B8F7D16F3CF7E9E199EEE1998B43B3DD3286E5EFCCC5E8D999E889E8E95935E4AA8BB14BA20BCB2A437276562D105D317AF9ECD285B31765B3B2F1AEAEAEC1C141B92126FC00007035B2CFAD16A7FA22916FAEFF1F2FED7E243C1DFC206EC8D9F054ECAF3A3B15BB5C5D32D51E9E6E0F2F2D7663F9E9C565ACB3B259D9782010E8EBEB931B62C20F00005723FB5CC99AEADB5BF3B32FADBBADA9E79D9EB196D8382B7F2FA9D3E3D113EAF4A5F196C505C6CFAA657AA2979CBD141D3716B616B8145BA529744836BEFBE8A6CECE4E26FC0000703BB2CF95D497B68C8D8DE5FDEA814737FE79C7F0C98E91FA0B6A0C9F54A363584EAB4BEA3BA22376E148EC746CC9D8DF93B1CB6367AD6BD559B96AE4A46CFCB95F3DD0DADA7AF9F265B939F5652EBAEF3D0000C804D9E74AD25E57AF5E1D19897E9843CA2F70E5BD403836AEBCF7FED2885D78542E7C3FFCDEE202578E06D4E5EA4438B6586C81E82A4B270237567F4F9A4F6EA2B9B939140AC9CDC98D927D0000B814D9E74AF3F3F35353534343430FFEE00F8A0E7EBFA9EF9DA6BE43B1BFD1D1AC4EF45A17CADF43CDB14B9AE5B4BABC572D63ADB57449DC85B2B06C5C6EA2A1A1A1ABAB4B6E4E6E546E5AF7BD0700009920FB5C49BDB16F6060E081273EBEEFD4CB272FEE3B19DA7FF2E2FEFAD08D11BD24B4AF3EB44F9D38B978E13E5938B680BA4A9D556371316B49B950362E3771E2C4898E8E0EB939F5F63EDDF71E00006482EC732569AF8989897038FC0FDFFB58F5F91DB55D7B64D4C5FE2E9EE85467F7C6CEEEADEBDC7BF3B57279F41275615DA7B5FADEC5B3D1E5A30B1C6DDB2137515757170C06E5E6E446C93E00005C8AEC73A5F8EC7BB7F58D6317761FBBB06B69ECBEE96C67F4ECF10BBB8E77EE52278E75EE8A9E55172E2EBF746DE7AEF8EDC83255ADDBE5266A6B6BC93E0000DC8EEC73252BFB1E78E2E37B4F6C8EE65AE7EEC586EB54312725A7FA6FF752F0ED56D7AAD38BCDB7D479C7978A707199C57577EDF9CD66B909C9BEF3E7CF937D0000B81AD9E74A56F63DF8D41F6CD9FF6FEAF5D9BA2EEBA5DBC59768D52BBCB55D375EE1B516A8BDB1985AC01A7BE24EEC918DCB4D907D00007800D9E74A56F67D73C39D3F2EFA3FF19FE4A8EFB9E9831DA92FB1BF3C6EC8C6E52678911700000F20FB5CC9CABE678BFEFE5BF97F6A7D758BFAF69666EB3B5CACD3976F5CDE9CB8D8E1E6E8782771C456918DCB4DF0910E00003C80EC7325EB0B5CDEAACAFBD293FFE578FBEEC0959AA5AF625E1CAD717F97AEAD69B51608D7DC5865E9AB9E97BED5B9465D521BDC2D1B2F39FC13BEC00500000F20FB5CC9FABAE6AEAEAE7FC9FB93CD6FFDDFC5DF615BFC7DB6C571E317DB466EBE36E9ECE2CFB5C55D2597C86665E3870F1FE6EB9A0100F000B2CF95AC1F670B854205BBBEF1F04FFE7BCFF8D94B632D97C6CFF6C8DFB1969EB1B3D1D3D1B1743676EDE28572C9B81AD14B16578C9E38ABB610DBC859D9AC6CBCBABA9A1F670300C003C83E5792F69A9999191B1BBB7CF9722070EE9B1BEE943EFB603A189E0E5A7F3F583CDDBE7876AA5D5D155E5CA07DE974FB8D65D48553D1CB6583B2D983956FD7D6D6B6B6B6CA0DC9CDC98D927D0000B814D9E74A0B0B0BEAED7D8383839D9D9DBF3AB8EEA11FDE7E3CB06B68A67B78F6E2D0CCC56119B3DDD1BF33DD43B3EA7477F4EF6CF7E2B5331787624B4657510B47C7C5D8E83EDEBA4B36F8FADBEB8E1C3972FAF469B909B921F5C63EB969DDF71E00006482EC73AB0F3FFCF0DAB56B9148A4AFAF2F1008AC2FFEC2E32FDC3D70F54264BE77954336229B920D1E3C78B0B6B656362E3721372437C7541F0000EE45F6B955FC845F5757575353D3BA57FEF6E92DF7A52ABF4B2B6A3ED9886C6AFFFEFD478F1E95CDCAC699EA0300C003C83E1753137E636363FDFDFDC160B0EE74B5E4DAE32FDC5D777E4F26F37C73BDB2A2AC2E1B3970784F5555D5A953A764B3B271B909A6FA0000703BB2CFC5D484DFF4F4F4E8E8686F6F6F5B5BDBC9932737147FE1A11FDE5EE8FBF64AB34F56911565F57DFBF61D39724436251B94CDCAC6E52698EA0300C0EDC83E77FBF0C30F676767A7A6A68687872F5DBAD4DADA2AB9B6ADF207DFCAFFB36F3C77C72B7B1EED1838695F7BB2802C260BCB2AC5077FB07FFFFEAAAA2AD9886C4A36289B958DCB4D30D5070080DB917DEEB6B0B0A0BECC6562626268684842ADADADEDD4A95347DFAB2EDCF3E83737DCF9E575B7FDEBA6BFFCD95BFF5C5E5B702674F883C9A00C392167E542B94A1690C564E1F27D65070F1E3C7AF4A8AC2E1B914DC90665B3EA4B5B98EA0300C0EDC83ED78B2FBFE1E1E1DEDEDE6030D8D4D4545B5B7BE4C891DDD53FCDDFF6E5C736FEC53F3DFD897FFCFEC7FFE17B1F932127E4AC5C2857C902E5E5E5127CB2B0AC222BCAEAB211D914CD07008097907D5E6095DFD4D4D4E8E8687F7F7F5757572010387DFAB4945C7575F5E1C3872B2B2BA5EDDE7EFBED03317242CECA8572952C208BC9C2B28AAC28ABCB466453341F00005E42F679842ABFD9D9D9E9E9E9B1B1B1C1C1C1BEBEBECECECED6D6D6E6E6E686868613274ED4D5D5D5C691B372A15C250BC862B2B0AC222BCAEAB211F57E3E9A0F0000CF20FBBC4395DFDCDCDCB56BD726272723918834DCE5CB9743A15057575747474730E67C8C3A2D17CA55B2802C260BCB2AB2A2AC2E1BA1F90000F018B2CF6B12E26F6C6C6C6464646868686060209C442E94AB6401598CE00300C0DBC83E6FB2E26F6666E6EAD5AB53535352751349E442B94A1690C5083E0000BC8DECF332157F627E7E7E2E0DB94A2D43F00100E06D649F592A2A2A74EF020000D083EC334B5E5E9EEE5D0000007A907D6621FB00003016D96716B20F000063917D6621FB00003016D96716B20F000063917D6621FB00003016D967904824525858A87B2F0000801E649F41C83E00004C46F6A57DDD33E1F2E4C5F296936EAD15EDC6B2FBB0EC5A16B20F000093917DCB74D8B249B76CC62DBB1D6BB1848D272F9370732B7DA31ED9070080C9C8BECC67FBEC2F5FD1CDD974647C3E2EDB8EF6C83E00004C6668F62D9B50E926DE524EBF394C319B651C665FF285C9CBDB20FB00003099A1D9176FD9693CFB693FFBEA4A9989E99649D79AF18B394CCC94C2E170515191C385010080C7907D8EB2CF7E96CEC9F6ED8B2DE53C9FCD7E6636DB170A854A4A4A1C2E0C00003CC6C4ECB399364B4EB1EBB6D37B4E66E01C6EE7FADACFF6917D000098CCC4EC8B67D34C36BDB5A2CD3AD94E5ED26C5FBA585C76B76D907D000098CCE8EC4B9959F19724D758CA251D6E79A5B37D29AF5ACD841FD9070080C9CCCDBE949D177FDABEB796BD2A79B32B9AED8BDF07273BEF04D9070080C90CCDBE954E9BE5D9BEE46AB3FC7567B386E96291EC030000D96268F6A59332A76C722D79C9E4764C998CF6B37D29270B1DEE838D9696968A8A8A0C560400001E40F61984EC0300C064649F41C83E00004C46F61984EC0300C064649F41C83E00004C46F61984EC0300C064649F41EAEBEBFD7EBFEEBD0000007A907D06A989D1BD170000400FB2CF20641F00002623FB0C42F601006032B2CF20641F00002623FB0C42F601006032B2CF20641F00002623FB0C525151D1D2D2A27B2F0000801E649F41C83E00004C46F61984EC0300C064649F41C83E00004C46F61984EC0300C064649F41C83E00004C46F619C4E7F3058341DD7B010000F420FB0C525252120A8574EF050000D083EC3308D9070080C9C83E83907D0000988CEC3308D9070080C9C83E83907D0000988CECF3BE8D1B37E6DDACA8A848F74E0100805B8DECF3BE9D3B77C637DF8103077C3E9FEE9D020000B71AD9E77D57AE5CD9B061836ABEFCFCFC6DDBB6F1522F00000622FB8CB075EB56957DA5A5A5BCC20B008099C83E23B4B4B4AC5FBF5EB26FE7CE9D8D8D8DBA770700006840F69962D3A64DF9F9F92FBFFCF2DCDC9CEE7D0100001A907DA6A8AAAA5ABF7EFD81030774EF080000D083EC33C5DCDC5C7E7EFEF0F0B0EE1D0100007A907D0000004620FB0000008C40F60100001881EC0300003002D90700006004B20F0000C008645F0E5958B87EE85CEF4F2A9AEE2DA894F1BB8FBD9EE3E3EE4D15B29FDFF5D5EF3CD5353533AFFBF103000076C8BE9C303239F383B2D31F7DA2447BC9AD667C7DFBB1AE8171DD8F250000488DECD3AFF454D76DEB4A5539DD955FFEECFEA623810F648C8ECF4F5FBD9ECB43EDE78B47DEB7E6263FF29D6D3FA9685A58D0FD9802008024649F4E9247DFF5D5AB60BAEF95C32D3D11ED2597F108F68F3FF8DA51755FEEFF45D5C8E48CEE47170000DC84ECD34935DF47BEB36D4BF579EDDD96ADF93FF552F5BD0595CCF901009053C83E6D4A4F75A9E69354D29E6B591C2D3D11F59AF50FCA4EEB7E8C0100C00D649F1E9747A7541BBD7EBC437BA8657D1C6F1F909C957BD7DC33ACFB910600008BC83E3DD4CBBBF7BF5AA53DD1D6683CBBBF49BDD4ABFB910600008BC83E0DA666E6D56498AB3FC3613F46C7E7D574E6994B4CF801009013C83E0DCA9B436A264C7B9CADE9F8F65B7572379F3BD0A4FBF106000051649F068F95467B28BFB2457B99ADE978FB4CAFDCCD3F7FBE5CF7E30D0000A2C83E0DD4971B7BEC03BCC9231C9991BB79DBBA52DD8F3700008822FB34F8E48F764B0F05FBC7B597D95A0FF51646DD8F3700008822FB34503F6591FBBFBD46F60100E025649F062AFB6C6AE9DE7BEFB539AB2EB1976E2D2737E77019276BA97BAAFBF106000051649F060EB36FD9A45B36E396DD4E7244269F4DD9794E9A8FEC030020A7907D1AAC7EB66F45ED65BFBC4D47C6E7E3B2ED48F6010090E3C83E0DECB32FDDC45BCAE9378729663FD5E724FB329BF323FB0000C81D649F06CE67FBECA7FDECABCBFE55DA8465D2B526B37D00007806D9A7C18AB2CF7E96CE7E24675CCAA4735290CCF60100E076649F065999ED733203E7703BCCF601006002B24F83ACCCF6AD68666ED93474128BCE6719C93E00007210D9A78193EC4BF9DAEB6AB26F45B37D29AFCA60C28FEC03002077907D1A38F924AF4D6F2D7BD52A67FBE2F781D93E00003C83ECD360D9D9BE9499E5B0B712926ED959C374B148F60100E031649F06CEB3CF26D752CE11A65B3E650BA68CBC949385641F00001E40F669B0A2D93E570FB20F0080DC41F66970DBBA5289A160FFB8F62C5BEBA1EEA9EEC71B000044917D1ADCBDA94262E878FB80F62C5BEB2177F3A34F94E87EBC01004014D9A7C1575E3F2A3DF4FAF10EED59B6A6A3A17B58EEE61DCFEDD5FD7803008028B24F83576BCE4B0F3DF8DA51ED65B6A6E3D9FD4D72371F2BADD3FD7803008028B24F83EEC171E9A18F7C675B68704A7B9CADDDB82BBF5CEEE6A1F77B753FDE0000208AECD3E3FE5F544912FDFBEE7AED71B646E3CD935D72076F5B573A3D33AFFBC106000051649F1ECD3DC36AC2AFA17B587BA2657D842333EA33BCAFD69CD7FD4803008045649F365F7FE39884D1277FB4DB632FF58E8ECFDF5B502977EDEE4D150B0BBA1F650000B084ECD3666A665E7D93CB1DCFED6DE98968CFB5AC8C70644635DF6DEB4ABB07C7753FC60000E006B24FA7AE81F1BB9E2F575F6EB7A5FABCF6685BE5D8DB1852AFEDCADD69BE34ACFBD10500003721FB349BBA36FF60EC6BFCD4B4DFB3FB9B5CF76EBF60FFF88B47DE579FDB952121CB3C1F00003988ECD36F61E17AE5B95E693E954D6AA869B31C1FC9FBFCD2BBEFF37E3E00007213D9972BA496CACF841E2BAD7345F0C58F8F3E51F2F0F6633B4F75F15D2D0000E432B20F0000C008641F00008011C83E00000023907D0000004620FB0000008C40F60100001881EC33486565E5DCDC9CEEBD0000007A907D06292C2C8C4422BAF7020000E841F61984EC0300C064649F41C83E00004C46F61984EC0300C064649F41C83E00004C46F61984EC0300C064649F418A8A8AC2E1B0EEBD0000007A907D06292929098542BAF7020000E841F61984EC0300C064649F41C83E00004C46F61984EC0300C064649F41C83E00004C46F61984EC0300C064EECBBEBCBC3CEB443C9B2597DDD48A6E28E1E696BD95F8256DB6B3EC06E3F767A537ADF87CBE6030B8A25500008067B83BFB922F4CB770F2E509EDB5A2A44BB94CCA9E4BB889947721650EA6DC94CD23E0444545454B4BCB8A560100009EE1EEECB3C92CFB84B2DFEC8AF6C1E6DA740B2767DF8A6E2BE3FE23FB000030999BB2CFA6E1563AEF95BCEE8A5A2ADD2A29D7B24F52FB7D8BBFD05A9EEC030000197053F629F6B37DC98B5D4F1F52D76D27DE9C645FCAFA5CE96C5FF27DB14FDB846B9D272FD9070080C95C9C7D2B5A26A19FD205D68AB22FE1B47DA2A55CD27EDD656F2865EFDA20FB000030992BB32F61B22D61622C5DC0D917927D8A65B0B0C3293D9BAB12AACE261F1D22FB000030999BB22FB984AEAFE41D782937E5642ACE66CB095B48976B29574F7749CAD3C95D6BBF8729555757D7D5D5AD68150000E0196ECA3E2579562FB9059317B6B93CE3EC737895FD949ECD55E9F231E3ECAB8959D12A0000C033BC907DF64BA69BED4B5E6CD959BA74AB2F3BB797706106B37DD753DDF195F61FD9070080C9BC997DC929961C5E09336AF62996F2AA94B38C296FC8F9966DAE4D981ABC9EF4502C8BEC0300C0642ECBBE84E249596F36D994B29356947DC99382099727EC8FFD02E96E62453B6F739713907D000098CC65D987D520FB00003019D96710B20F000093917D06696C6CACACACD4BD170000400FB2CF202D2D2D151515BAF7020000E841F61984EC0300C064649F41C83E00004C46F61984EC0300C064649F41C83E00004C46F61984EC0300C064649F4142A150494989EEBD0000007A907D0621FB00003019D96710B20F000093917D0621FB00003019D96710B20F000093917D0621FB00003019D96710B20F000093917D06894422858585BAF7020000E841F61984EC0300C064649F41C83E00004C46F61984EC0300C064649F41C83E00004C46F61984EC0300C064649F11366EDC9877B3A2A222DD3B0500006E29B2CF083B77EE8C6FBE03070EF87C3EDD3B0500006E29B2CF0857AE5CD9B061836ABEE79F7F7EDBB66DA15048F74E0100805B8AEC33C5D6AD5B55F6EDDDBB97577801003010D9678A969696F5EBD7ABEC6B6C6CD4BD3B0000E05623FB0CB269D326C9BEC2C2C2B9B939DDFB0200006E35B2CF20555555927D7EBF5FF78E0000000DC83E83CCCDCD6DD8B061626242F78E0000000DC83E00000023907D0000004620FB0000008C40F60100001881EC0300003002D90700006004B22FE72C2C5C3F74AEF727154DF71654CAF8DDC75ECFF171F7A60AD9CFEFFAEA779EEA9A9A99D7FDF8010080D4C8BE1C323239F383B2D31F7DA2447BC9AD667C7DFBB1AE8171DD8F2500004844F6E58AD2535DB7AD2B55E574577EF9B3FB9B8E043E90313A3E3F7DF57A2E0FB59F2F1E79DF9A9BFCC877B6FDA4A2696141F7630A0000E2907DFA491E7DD757AF82E9BE570EB7F444B4975CC623D83FFEE06B47D57DB9FF1755239333BA1F5DAC09DE8A00006E44F6E9A79AEF23DFD9B6A5FABCF66ECBD6FC9F7AA95A9E6899F3F318DE8A0000EE45F669567AAA4B359FA492F65CCBE268E989A8D7AC2511743FC6C81ADE8A0000AE46F6E97479744A3D89BE7EBC43FBF362D6C7F1F6017966957BD7DC33ACFB91C66AF1560400F000B24F27F53C7AFFAB55DA9F08D7683CBBBF49BDD4ABFB91C66AF1560400F000B24F9BA999793519E6EA8913FB313A3EAFA633CF5C62C2CFC5782B02007803D9A74D797348CD34687FF25BD3F1EDB7EAE46E3E77A049F7E38D0CF1560400F00CB24F9BC74AA33D945FD9A2FD996F4DC7DB677AE56EFEF9F3E5BA1F6F6488B722008067907DDAA84F147AEC55B3E4118ECCC8DDBC6D5DA9EEC71B99E0AD0800E025649F369FFCD16E79A609F68F6B7FDA5BEBA1BA41F7E38D4CF0560400F012B24F1BF5FD11B9FF8567AB1F649F7BF1560400F012B24F1B957D094F3FF7DE7BAFCD939375EDBDA938DC48C2066DB6B3EC06E3F7C76649754F753FDEC8046F4500002F21FBB449C8BEE4F65A51D2A55C2665CF25DC44CA6E4B9983293745F6791B6F4500002F21FBB44939DB97B2E49CCCDED92F9C70E1B2DD667F8B4EB22F7E0B649F7BF1560400F012B24F9BE4D9BE84D30EE7D2EC5749B956BAE9C08499459B2DC4AF4BF679D8B2FF73627F80D91F42E9B696F131B9D2FF6AE20747290013907DDA243FA1A64C28FB804B5E37E16932E5EC9DC3E93AFB5778D32D9C7C733CA1BA9793EC737294A63BAE122EB439266D0EC8844D917D00900ED9A74DFC13AACD33D9B24FA836CFBBF689E6B0FF9C9C4ED8384FA89EE1E4AD08F61DB66C082E7B0426FF87609F9599F51F47290013907DDA64F0DE3E27D967B370BA4A4B376BE2E4E93C5D3EF284EA0DCE8FD2151D90F607A7CD21B76C4ADA1C93641F00907DDA38F924EF4AB32F790BE9726DD927D174CB273C3D3BD9439E50DD2B2BD997F2F04B58D1E658B22FC274C776BAFF9AC83E002623FBB4598B8F7438BCCAFE7934B3A758B2CF93569F7D364748CA3474D27F4E4E276CDCBEF9384A011882ECD3C649F6A5CB2CFB67D965D74A7E22B44943E74FB109D5C813AA0764F7BD7D368799FDFF6FACE8B6D2E523D90700649F36CE5FE4759E7DC93D97BC9693651C5E9BF07C9CEEB9962754F772F8495E875D98F2385FB608535E922E2B537624D907000AD9A78DF31779EDF32BF91934F9E936E532CB4E9C38B9DD943B9FB01D9E50DD6B45D9679F710E93CEE6984C77C4A64B40B20F0012907DDAAC7E1EC52D832754F772F8DEBE74FF03107FDA3E0A53FE6F49CADB7278DADA3187FDC7510AC004649F36B7AD2B35E4D74ED53DD5FD7823132BCDBEE40B534E21A79C78B65FC6E1B5095383D38EA7FDC83E002620FBB4B97B53853CCD1C6F1FD09E656B3DE46E7EF48912DD8F3732619F7D295FDC4FF75681E46552CEF02DBB8C4DC3A59BDBB3DF2BB20F8039C83E6DBEF2FA51799A79FD7887F62C5BD3D1D03D2C77F38EE7F6EA7EBC9109DE8A00005E42F669F36ACD79799A79F0B5A3DA9FF0D6743CBBBF49EEE663A575BA1F6F6482B722008097907DDA740F8ECBD3CC47BEB32D3438A5FD396FEDC65DF9E572370FBDDFABFBF14626782B02007809D9A7D3FDBFA892279B7FDF5DAFFD396F8DC69B27BBE40EDEB6AE747A665EF7838D4CF0560400F012B24FA7E69E6135E127CF3ADA9FF9B23EC29119F5C2D9AB35E7753FD2C8106F4500002F21FB34FBFA1BC7E4F9E6933FDAEDB1977A47C7E7EF2DA894BB76F7A68A8505DD8F3232C55B1100C04BC83ECDA666E6D5DBA7EE786E6F4B4F44FBF35F56463832A39AEFB675A5D20DBA1F63AC0A6F450000CF20FBF4EB1A18BFEBF972F58EF22DD5E7B53F0BAE72EC6D0CA9D776E5EE345F1AD6FDE862B5782B02007806D99713A6AECD3F187BEFBC9AF67B767F93EB9E6283FDE32F1E795FBD5826434296793ECFE0AD0800E00D645FAE90679DCA73BDD27C2A9BD450F310393E92F7F9A577DFE749D44B782B02007803D9975BA496CACF841E2BAD7345F0C58F8F3E51F2F0F6633B4F75F106294FE2AD0800E001641F0047782B0200B81DD907C029DE8A0000AE46F6015819DE8A00002E45F60100001881EC0300003002D9079865E3C68D79A9BCF8E28BBA770D00B0B6C83EE3545656CECDCDE9DE0B68B36BD7AE84E0CBCFCF7FF9E5979B9A9A74EF1A00606D917DC6292C2C8C4422BAF702DA4C4C4C48E7C537DFBE7DFBEAEAEA74EF170060CD917DC621FB0C77F5EAD52D5BB6A8E67BFEF9E7DF7BEFBDB2B232DD3B0500B815C83EE3907DC692E0ABA9A99103E0C891236AC2AFAAAAAAA4A424375FF4E7DD08009075649F71C83E034D4C4CF8FDFE828202C93E89BFEBB177F8BDF6DA6BC5C5C57295EEBD4B8D031500B28EEC330ECFA646917FEBCACA4AF947AFAFAF8F9F3C93DA930BC3E1B0C67DB3C7810A005947F61987675343C8BF72454585FC73373636BAF1D5D29292925028A47B2F00C053C83EE3907D9E170E87CBCACAE41FBAA5A545F7BE648EEC0380AC23FB8C535C5CDCD7D7A77B2FB026E45FD6E7F3151515050201DDFBB25A724782C1A0EEBD00004F21FB8CC3248A27C9BFA9FCCB4AD37B26952A2A2A5C3D5B09003988EC330ED9E731D27925311EFB6725FB0020EBC83EE378AF0F8C25C1575454E4F3F93CF90F5A13A37B2F00C053C83EE3907D1ED0D2D252585828C197CBDFC0B24A641F00641DD9671CB2CFBDE6E6E654F055545478FEE3D88D8D8D959595BAF702003C85EC330ED9E746127CF5F5F586049F22812B7756F75E0080A7907DC621FBDCC5FA215DBFDF9FB33FA4B616028140595999EEBD00004F21FB8CC30724DDC20A3EF96B54F029EA2B6974EF0500780AD9671CB22FF749E4F9FDFE828202093E893FDDBB93657931F167532E46F60140D6917DC621FB72592412A9ACAC2C2C2CACAFAFD7F843BAE9522CEBDB4F48C0784343435BB76E5DD3DD0000D3907DC621FB7293049FFCD348F03536366A0C3EE596659FCD6DC903228FC69AEE06009886EC330ED9976BC2E170595999244E8EFCBBE42D49BED0C98A091B49B91D27D977F5EAD5CD9B37677207000069907DC621FB72475F5F9FCFE72B2A2A0A0402BAF7E526C9AD96F272FB659C9C70B84D004056907DC621FB7281FABC427171713018D4BD2F2964967D093379641F00E41AB2CF387EBFBFBEBE5EF75E984B3AAF242697BF3D7135B37D366BAD34FB0A0B0B0DF96E6A00B835C8BE1BF252B1BF36DD1B98AC559CDF50BA8D649D077EEA34371FD86549F0151515F97CBE5C0E3E4BCAE3DFC92A6AB1E4D309CB242F968CEC0380EC22FB6E487EEEB1799E735212D95AC65A322B4DE3E1EC5BE932D6926B1D8BEA877425F8C2E170B6B66902A9641E3100C822B2EF06E74FFC29A731522EE6E446ED7726E32DA76378F6ADDD039B6C6E6E4E059F393FA49B5D39FE523800B80ED9778393D9BEF8E0B359CCFEF265975976E3645F66CBACE9031B4F82AFBEBE9EE05BA5D2D2D2CECE4EDD7B0100DE41F6DD603FDB977C3661DD745BB09F3B5CB633C8BEEB2E796015EB8774FD7EBF813FA49B5D7CEA1C00B28BECCBD06A269C1C164CFCD90CBA271D37665F82DC7C60ADE093BF045F56907D00905D645F54169FFBE3B7793DD339A76517C86C9714B7675F0E3EB012797EBFBFA0A0401E5889BF0CB68094AAABABEBEAEA74EF05007807D99742BAE7FE1575E1DAD589C32DA7D3D8D858595999D9BAB920A71ED84824220F666161617D7DBDF61FD2F51EB7FF2F0A00E41AB2EF86742FFC252F906EC59497D867C4B2734E59CFBE9696968A8A8ACCD6D52E771E58093E791825F824A309BE35525757575D5DAD7B2F00C03BC8BE1BE2B3CF7E81652F5F659D5C4FFF3D23CEB79C8EC9D9773D1B0F6C381C2E2B2B93E0E36D676BCDD5C72A00E420B26F51FC4CCF2A5FE4B54F0AE75739593883F273EF53A9F607B6AFAFCFE7F3151515050201E71B47C6DC7BAC02406E22FBA212667AD255DDB2B37D29A791D25D956EDAC9E1EA4EAE4AC98D4FA5DA1FD85028545252525C5C1C0C0657B2E35815F5B0EBDE0B00F00EB2CF386ECC3E8DA4F34A62F8B9885B8FEC0380EC22FB8C43F63924C1575454E4F3F9083E5DC2E1B0FC13E8DE0B00F00EB2CF388140A0ACAC4CF75EE434F543BA127C921DBAF7C568914844FE2174EF05007807D9671C5E384B676E6E4E051F3FA49B23C83E00C82EB2CF38645F3209BEFAFA7A822F0765F62D45008094C83EE3907DF1AC1FD2F5FBFDFC906E0E22FB00208BC83EE3907D8A157CF297E0CB59050505FCEB0040B6907DC621FB2423FC7EBFF484049FC49FEEDD811DE9725E7607806C21FB8C6372F649405456564A49D4D7D7F343BAAEB075EBD6A1A121DD7B01001E41F619C7CCEC93E0ABA8A890E06B6C6C24F85C842FCA06802C22FB8C63DA57E0CAFD2D2B2B93E06B6969D1BD2F5831B20F00B288EC338E39DF85D6D7D7E7F3F9A471038180EE7D418624D9F9E703806C21FB8C6342F6A917B28B8B8B83C1A0EE7DC1AA545454304D0B00D942F619C7DBD9279D5712C32B83DEE0F7FBEBEBEB75EF05007804D9671CAF669F045F515191CFE723F8BCA42646F75E008047907DC6F15EF6A91FD295E00B87C3BAF7055946F6014016917DC6F14CF6CDCDCDA9E0E387743D4CFE89E5DF57F75E008047907DC6F140F649F0D5D7D7137C2620FB00208BC83E836CDCB831EF66AEFB023FEB8774FD7E3F3FD5EA6D1E385C0120D7907D06D9B97367FC93E88103077C3E9FEE9D72CA0A3EF94BF099C0D5872B00E426B2CF2057AE5CD9B061837A127DFEF9E7B76DDBE68A0FBD4AE4F9FDFE828202093E893FDDBB835BC4A5872B00E432B2CF2C5BB76E55CFA37BF7EECDFD97CC2291486565656161617D7D3D3FA46B20771DAE0090FBC83EB3B4B4B4AC5FBF5E3D8F363636EADE9DB424F82A2A2A24F86427093E63B9E5700500B720FB8CB369D326791E95A2CACD9C0A87C3656565B27BFC2417AEC70E5729BF9C3D5C01C05DC83EE354555549F6F9FD7EDD3B92A8AFAFCFE7F3151515050201DDFB825C91B3872B00B811D9679CB9B9B90D1B36E4D4876143A1504949497171713018D4BD2FC82D3978B802807B917DD0493AAF24860F690200B0D6C83EE821C1575454E4F3F9083E00006E0DB2CF200B311F265197DFB2DD503FA42BC1170E876FD98D020000B2CF142AF846474323235D8303DD326662E6E6E6E6E7E755FCADE90EC80DA9E0E387740100D082EC33C252F375BFF18B4F5BE3725F706262627A7A5AE26F4DCB4F82AFBEBE9EE0430616D2D0BD5F00E04A649FF7A9E61B19E992D4DBFEEA1F6CDBF28732E4C41BBFFCE3EEAEB3D261127F57AF5E9538CB7AF9593FA4EBF7FBF930269C887F2B82FCDF881C96B349AC29EA5BFF1605007035B2CFE3929BEF6C4BE1D9338556F95DE8681C1A1A1A1F1FCF6EF959C1277F093E3861059F1C875363E3DDA79B03EFD61CFBD58E9AD7B6AB21672F9C6C880C8F4C4D4DC90176EDDA359580C41F003844F679598AE63B53383AF69BC86F4F44CBEFD568F96D7BF58FDA830D527E63636359293F893CBFDF5F505020C1271BCCE2DD815759C127B577E2CDDDC50F3DF2E4EF7FFA7B1FFBAF29875CF5DA17BF263938D0DF2F079B24A0F41FF107004E907D9E95B2F924F824FB92CB2F78FED4EACB2F1289545656161616D6D7D7F3535A70481DA8926E35AF6D7FF68ECFC4E7DD0B7FFD77859FFB42E9238FCB901372363E076561FF2BBF1C1E1C4A8E3FDDF709007214D9E74DE9E6F9467F7B626CB26972B26934D67FD92A3F09BE8A8A0A09BEC6C646820FCEA903B5BFAD7DE33D9F5531F7D427FE64FBC38F9E7B73E7D5CECEF9DEDE8421179ED9B14B16B0FA2FFF337FD3567B62646444BD4575767696F2038074C83E0F4A37CF276332D67C6AA869BF55965F381C2E2B2B93E06B6969B935F70E9EA10ED4B307FDAAE19EF8F87FF3FDDB7F445ACE26D75EF290C54A1F795C5651F382C776EE191C1C9443776A6A8AF2038074C83EAF49FBDA6EACF9C696863AAD5EF33DDB9249F9F5F5F5F97CBEA2A2A24020708BEF233CC06A3E956E1BEFF96CFFF13A27C1173FFA6A8EE77FE66F54321EDDB153FE27241289507E00900ED9E729299AEFDCCFE35FDB9D8C6B3EABFCA2EFF33BF773E7E5170A854A4A4A8A8B8B83C1A0AE7B0A5753076AE0DD1AD57CAF7DF16B295FD2753264C5ADF77F4595DFB19D7B283F00B041F6794772F3B59C7D7964F4F868E4F8F8C4A9E8183F2D2332DEA0CE5A27640119B2F0B2E5279D5712C30FE92263D6FBF99EBEFD4EC9B5C2CF7D61B6A727B3E65343567FE9BE07D4FB02CF1CABA5FC00201DB2CF23929BAFF9CC0B43C3EFC9188D9C8C8EB1DF2C9E4835D492B24ABAF23B7FFE7C515191CFE723F8B04A72ACCA41A55E9CCDBBEBAF26DBDA52C6DCE0A9D3359B5E7AED8B5FDB72DF036A943EF278C3D6A2940BCB46F2EEBC476DB0A3BD7D6060C03A74C93E00B0907D5E90DC7C0DA7377F307044C6952B87F6EDFC9F7261F53B5F1D193E363872D3900BE52A5940160BC796971593CBEF8D37DED8BD7B777F7F3FCFA0582575AC1E79698B24DAF77FEF5329DFCF270D278597EE7BFB9EBEFD4EC9C1E4B56453B24159E0CD6736C8FF9C0C0E0E4E4C4C5CBB768D093F00B0907DAE97DC7CA74FE55FEEADBCDC7FB0F7F201D57C6A541D7A50DACE1A72D6BA4A169385FB3E88AE25AB67F7FBFC008BFA4E66F5F2EEDB4FFE38B9DE7AAB6BD4B5F6E3B52F7E2D799A70FF779F522FF5BE7FE68C6C696424FA7B1EEAB8D57DBF012027907DEE96DC7C274FADEFBB5C1EEA2D9786FBF55BF75861B7587E955F92CB2F5DAE94130957C9C272955A573642F921EBD4E17AEC573B549C8D9F0BCC7477C78FD03B7E27CDA7C6CFEEF96CC2EAB241F55D30BFFEE98B5D5D5DE170588E5B26FC00C042F6B95872F3FDE6C48F2F867C3224DD6424849D1A470E7D5146CAAB7A2EEDEFE9DDDF79718F6C413645F921BBE4B091E3A7F0735F90322B7DE4F1C9B6B684F1B3A52F6D7638DE7EF2C7376DA1B56DFBC38F46BF0EE67F7DAEB5B5357EC28F231600AE937DEE95DC7CC78F3DDDD1597AA163A7749B1A870FFC63CABC4B3964616BC50B9DA5B229D920E5872C52AFF0AA2F6D3957BA2BD2D414696A8CFD6D8A34361E79367F45CDA746E81DBFACBBB89DC6A6736FEE545FE6D274AAA1ABAB6B6060606262427DA457F7BD0700FDC83E5752CD373ADA1DD77CEBDADADF90D1112B366B1CAAB8DF49F3C9621D1DBB6EACD8B14B6D2DB9FCC6C7C7A5FCE6E7E7791E85E5E5975F7EFBEDB7E5C0B05F4C8E990B271BD4EF6A0C1E3F9E30E27F90D7F9287DE4F184EDA80F761CDC51DAD1DEDEDFDF6FBDCE7B6B1E0A00C865649F2B49F68D8E86E29B2FD0FABA8CB6F61219ADED3BDA3AB69F6FDF71BE233A0EEDFFFB659A6FFFDF073B7644D7EDD82E7F65C5E8DF8E1D6A9BEF55AFB3CAAF3DD820E537313131333323E5A7FB6140AEC88BD9B061C31B6FBC71E5CA95748BC93173724FB934D90B7FFD7797FD87A3E3B05F8D86AD4519349F0C89C5BE4387A21B59DAA0FA795F5F4161FCEBBC1CAE00709DEC73A9C597777FF9C7D27C926581D65FCA387FFE0D1981F3C532D409EB6C65F9E7D3359F5C15BF70C28A6ACBAAFC8AB77EEADCD9DAFEFEFE4824323D3D3D3737A7FB6140AEC88BB37EFDFA9FFFFCE70D0D0D09CBA837F6D5BCB65D7D0EF7E2BE7DF1E3ED277F9C59F6C948D8947AEFE09BCF6C3877EE5C2814E2ED7D006021FB5C49B26F70A05B65DFF1634FAB69B9F31D3BD43C9F8C60C78EC509BCF692A0ED849F5C252BAAB5D46C9F9A298CFE5D9AF0532FF54AF635351EEDE9E9B126FC4A4A4AF28034366FDE1C7FD04A75CDCECE1EFDE53669B2E2871EB9B06B57FC28FDEABF649C7D273617C46F4A9A5265DF993367BABABA060707D52F76907D0040F6B992957DD60778D55BF12E7496AA4F635C58C9DBFBA26FEC8BAD72E1E615D536AD8FF44AF69D3EFD6E7777F7C0C0C0F8F8B8649FEE8701B9C24ABDBD7BF7EED9B3A7B0B0B0B2B2321289C42F93907DC11D3BE2C72AB32F7E5309D9677DAA83EC0300B2CF9524FBA4BA2EF705B7BDFA47B177DDFDE18993CFA956B33E8DBBA20FF3C67F8C37FEC3BCB259ABF96A8F1F0C0402641F9249F0959797EFD8B14382AFB1B131E5673BE2B36FEBFD5F4998ED53DFB49CD948D894F5222FD9070009C83E5752D9274F66DD5D67ADF23B796AFDC5902FFAAD7BBDD1AFDF0BF596A7FB7EBE74DFE7D773697F745DF91BFBF23FEBE73AA4F96A6A2A9A9B9BDBDADAE25FE4D5FD3020576CDEBCB9B4B4B4B3B3D36619957DD6473A12DE90B79A8F74246C4AFDDAEFAF7FFA22D9070009C83E5792EC9B9B9B9B9E9E8E4422173A1AADF26B38BDB9F77279DFE5F24B97A33FC59132EFAA2ABF94FC131D6A447FA563E9873AAC1FE795E67BEFBDFD0D0D0D8140409ED7F9480732A3B2AFADF6C4F7625FE012FDF8ADFAECEDD2C8F00B5CBEFA2F8B1F078E7D8C57366B7D810BD9070009C83E579227B0F9F97935E1373434D41E6CB0CAAFF9CC0BAADEC20347E27F9077FBCD3FCB1BFF83BCDB977E96F783812397FB0FCA908D2434DFB973E72E5CB8D0D7D7C717B820332AFB22C323EAEB9A1BB616257CDF5E665FD77C71DFBEF88DA85943B9899AA347F94807002420FB5C497D5DB384D7D5AB57C7C7C725C582E74F59E5D772E62509381957AE1C8A2FBFEA77BE3A38726C64F85878B8464EC8D9F8E69385D55AB27A72F3757474F4F6F69AF075CD797979E92E4FE716EFA14BA92F7091027BE9BE07A4CCB63FFC68A431FABB1ABF8DFBBB39F6FAACF3B1FFBB4FC57E9FA371E9073F1A8B1F7A442EDF78CF674F9C38C117B8004002B2CFAD54F9C9939944D8D8D85862F935FF7C68F83D19838355AAFC24F246232713862A3F59401653CBCB8A36CD67C28FB339C938E7A9472CC693FF5B9002F3BFF24B29B3A73EF12743F5A7127E93B7ABE2E0D3B7DFE9B0F95EF9DBCF4FB6DEB4BA6CF0C9DFFFB45CB5EDA96724FBF8BA66004840F6B9987DF99D3BF79FA391E33222E30D32C6274EC9583C3D7E5A9D8D8ED8E991D1E3326415C39BEFFAEAB2CF3EE9CC4CBD7872E45CBB766DA0BF5F9A4FE2CCF76FFF31D3DD9D3042EFF8F3EEBC67D9E68B4E16B69C4D58B7F491C7555056FBFDA74F9F0E0683FC381B00C423FBDCCDBEFCDE7F7FCBE8D86F648C4D36A931B9F47772E9B48CC86F4FC832B230CD777D15D9177FE1B20B984965DFD4D8F8AF7FFAA2F4D9F77FEF53BDD535F3BDBD0963B2ADCDE6FB5C240A1BB61625AF259B521FE6287AFC3F4E9C3811FF790EB20F0014B2CFF59C979FD579F1A74769BE18ABC9924FD82CBCA205C83EEBED7D8357AEA8AF59C9BBEBAF265BDB921B4EC55FCDA6974A1F797CCB7D0FA8212D7866C7AED40BB7B6A939C267EFF84CCDD1A3A74F9F8E7F859737F6018042F679C1B2E5179DCFFBED89C99B67FBA2CD37F61BB98AE6BB9EA6F6E22FB417BF4A066B19421DA8D7AE5D9383AAADBE41BDD4FBD27D0FCCF6F4A48C398743567FE1B39F572FEF1EDC51AA3ECCD1D5D5150E87AD57783D7CE8028073649F473899F393C28B9FED53B38034DFF5F4AFCF66FC2E3D66FBD29103697676766A6A6A6464E4E49E72F5652E859FFBC2645BEA39BF6587ACA83E1A2C9BF215144AF3A977F559537D7273BCC20B000AD9E71D2B2A3F9A2F9E4DEA651670C90BA84B283F6BC26F6262627070F0D8CE3DAAFCF2EEBCA7FF78DD4A9B4F56515FF2AC9AAFB6B656BDBC1B0A8564E3D6BBFABC7DF4028073649FA7382C3F5EDB8D67DF79CEB3CF7E9A90ECB3A877F8A94374606040CA4FBDDAFBFDDFFBD4F6871F4DF756BF84317E2E200BABCF70C8EAF1CDA73EC9611DC0DE3E7A016045C83EAF71F23E3F9ACFC65A7C818B93178ECDA10E51F5526F24120987C3678ED5E6DDF557EA83BA4FFEFEA78B1F7AE4CC8E5D33DDDDC9B52717CA55B280FA7E3E354D787047697CF3C90665B3D6CBBBA61DC0006083ECF3A065CB8FE6B3B19AEC73B830E5975C7E1DEDEDBFFEE98BF1DFD52C6197FF99BF79E9BE07B63FFCA80C392167ADDA53937CDB9E7AA6E6E851F5752D341F002C8BECF326FBF2B39AAFA6A682E6B338F980ED8A3E846BB3A4999FE48D97507E0303033D3D3DEF9F39E32B2894C253AFDEA61C72D50B9FFDFC9BCF6CA8F6FBD50738E4000E0683B2BA6C84E603001B649F67A52B3FA93D356A8F1F6C6E6E0E0402172E5CA0F970EBC5979F1C7B838383721C767575B5B6B636D69FAADEB967DF965F4ADE5943CE1EDC51AAA6F76401157C6A924F5694D56523341F00D820FBBC2CB9FCDA830DE7CED636351E3D7DFA5D09BEB6B6B6CECECEBEBE3E9A0F5A58E527C7DEC4C4C4C8C8C8C0C0808ABF8EF67649BA733167E2A84BE42A5940059FAC222BCAEAB2119A0F006C907D1E175F7EE3E3E39277FDFDFD3D3D3DDD317242CECA857215CD072DAC4334FABB6D535356FCC99129492787682814EA8A2367E542B94A1650C1A726F964750E6000B047F6795F7CF9C9736A241291CE1B88911372564D93F094095D166212E24F626E747454AA6E30461DB1EAB45C2857C902B25842F0710003800DB2CF08EA39757E7E7E6666667A7A5A9E2CC763E4849C950BE52A9A0F7AC5C7DFECECACEA3F65228E75A12C208B117C00E01CD9670AABFCE46972268E9CA5F9903BACF8B30ED7D924D6414BF001C08A907D0072D7421ABAF70B005C89EC0300003002D90700006004B20F0000C008641F00008011C83E00000023907D0000004620FB0000008C40F60100001881EC0300003002D90700006004B20F0000C008641F00008011C83E00000023907D0000004620FB0000008C40F60100001881EC0300003002D90700006004B20F0000C008641F00008011C83E00000023907D0000004620FB0000008C40F60100001881EC0300003002D90700006004B20F0000C008641F00008011C83E00000023907D0000004620FB0000008C40F60100001881EC0300003002D90700006004B20F0000C008641F00008011C83E00000023907D0000004620FB0000008C40F60100001881EC0300003002D90700006004B20F0000C008641F00008011C83E00000023907D0000004620FB0000008C40F60100001881EC0300003002D90700006004B20F0000C008641F00008011C83E00000023907D0000004620FB0000008C40F60100001881EC0300003002D90700006004B20F0000C008641F00008011C83E00000023907D0000004620FB0000008C40F60100001881EC0300003002D90700006004B20F0000C008641F00008011C83E00000023907D0000004620FB0000008C40F60100001881EC0300003002D90700006004B20F0000C008641F00008011C83E00000023907D00000046F8FF5B4AAF2BC40880BA0000000049454E44AE426082, '130008', 0x51696E674A69614E65772E706E67);

-- ----------------------------
-- Table structure for `jbpm4_participation`
-- ----------------------------
DROP TABLE IF EXISTS `jbpm4_participation`;
CREATE TABLE `jbpm4_participation` (
  `DBID_` bigint(20) NOT NULL,
  `DBVERSION_` int(11) NOT NULL,
  `GROUPID_` varchar(255) COLLATE utf8_bin DEFAULT NULL,
  `USERID_` varchar(255) COLLATE utf8_bin DEFAULT NULL,
  `TYPE_` varchar(255) COLLATE utf8_bin DEFAULT NULL,
  `TASK_` bigint(20) DEFAULT NULL,
  `SWIMLANE_` bigint(20) DEFAULT NULL,
  PRIMARY KEY (`DBID_`),
  KEY `FK_PART_SWIMLANE` (`SWIMLANE_`),
  KEY `FK_PART_TASK` (`TASK_`),
  KEY `IDX_PART_TASK` (`TASK_`),
  CONSTRAINT `FK_PART_SWIMLANE` FOREIGN KEY (`SWIMLANE_`) REFERENCES `jbpm4_swimlane` (`DBID_`),
  CONSTRAINT `FK_PART_TASK` FOREIGN KEY (`TASK_`) REFERENCES `jbpm4_task` (`DBID_`)
) ENGINE=InnoDB DEFAULT CHARSET=utf8 COLLATE=utf8_bin;

-- ----------------------------
-- Records of jbpm4_participation
-- ----------------------------

-- ----------------------------
-- Table structure for `jbpm4_property`
-- ----------------------------
DROP TABLE IF EXISTS `jbpm4_property`;
CREATE TABLE `jbpm4_property` (
  `KEY_` varchar(255) COLLATE utf8_bin NOT NULL,
  `VERSION_` int(11) NOT NULL,
  `VALUE_` varchar(255) COLLATE utf8_bin DEFAULT NULL,
  PRIMARY KEY (`KEY_`)
) ENGINE=InnoDB DEFAULT CHARSET=utf8 COLLATE=utf8_bin;

-- ----------------------------
-- Records of jbpm4_property
-- ----------------------------
INSERT INTO jbpm4_property VALUES ('next.dbid', '21', '210001');

-- ----------------------------
-- Table structure for `jbpm4_swimlane`
-- ----------------------------
DROP TABLE IF EXISTS `jbpm4_swimlane`;
CREATE TABLE `jbpm4_swimlane` (
  `DBID_` bigint(20) NOT NULL,
  `DBVERSION_` int(11) NOT NULL,
  `NAME_` varchar(255) COLLATE utf8_bin DEFAULT NULL,
  `ASSIGNEE_` varchar(255) COLLATE utf8_bin DEFAULT NULL,
  `EXECUTION_` bigint(20) DEFAULT NULL,
  PRIMARY KEY (`DBID_`),
  KEY `FK_SWIMLANE_EXEC` (`EXECUTION_`),
  KEY `IDX_SWIMLANE_EXEC` (`EXECUTION_`),
  CONSTRAINT `FK_SWIMLANE_EXEC` FOREIGN KEY (`EXECUTION_`) REFERENCES `jbpm4_execution` (`DBID_`)
) ENGINE=InnoDB DEFAULT CHARSET=utf8 COLLATE=utf8_bin;

-- ----------------------------
-- Records of jbpm4_swimlane
-- ----------------------------

-- ----------------------------
-- Table structure for `jbpm4_task`
-- ----------------------------
DROP TABLE IF EXISTS `jbpm4_task`;
CREATE TABLE `jbpm4_task` (
  `DBID_` bigint(20) NOT NULL,
  `CLASS_` char(1) COLLATE utf8_bin NOT NULL,
  `DBVERSION_` int(11) NOT NULL,
  `NAME_` varchar(255) COLLATE utf8_bin DEFAULT NULL,
  `DESCR_` longtext COLLATE utf8_bin,
  `STATE_` varchar(255) COLLATE utf8_bin DEFAULT NULL,
  `SUSPHISTSTATE_` varchar(255) COLLATE utf8_bin DEFAULT NULL,
  `ASSIGNEE_` varchar(255) COLLATE utf8_bin DEFAULT NULL,
  `FORM_` varchar(255) COLLATE utf8_bin DEFAULT NULL,
  `PRIORITY_` int(11) DEFAULT NULL,
  `CREATE_` datetime DEFAULT NULL,
  `DUEDATE_` datetime DEFAULT NULL,
  `PROGRESS_` int(11) DEFAULT NULL,
  `SIGNALLING_` bit(1) DEFAULT NULL,
  `EXECUTION_ID_` varchar(255) COLLATE utf8_bin DEFAULT NULL,
  `ACTIVITY_NAME_` varchar(255) COLLATE utf8_bin DEFAULT NULL,
  `HASVARS_` bit(1) DEFAULT NULL,
  `SUPERTASK_` bigint(20) DEFAULT NULL,
  `EXECUTION_` bigint(20) DEFAULT NULL,
  `PROCINST_` bigint(20) DEFAULT NULL,
  `SWIMLANE_` bigint(20) DEFAULT NULL,
  `TASKDEFNAME_` varchar(255) COLLATE utf8_bin DEFAULT NULL,
  PRIMARY KEY (`DBID_`),
  KEY `FK_TASK_SWIML` (`SWIMLANE_`),
  KEY `FK_TASK_SUPERTASK` (`SUPERTASK_`),
  KEY `IDX_TASK_SUPERTASK` (`SUPERTASK_`),
  CONSTRAINT `FK_TASK_SUPERTASK` FOREIGN KEY (`SUPERTASK_`) REFERENCES `jbpm4_task` (`DBID_`),
  CONSTRAINT `FK_TASK_SWIML` FOREIGN KEY (`SWIMLANE_`) REFERENCES `jbpm4_swimlane` (`DBID_`)
) ENGINE=InnoDB DEFAULT CHARSET=utf8 COLLATE=utf8_bin;

-- ----------------------------
-- Records of jbpm4_task
-- ----------------------------
INSERT INTO jbpm4_task VALUES ('200003', 'T', '1', '填写请假单', null, 'open', null, '1', null, '0', '2011-06-02 10:25:18', null, null, '', 'QingJiaNew.200001', '填写请假单', '', null, '200001', '200001', null, '填写请假单');

-- ----------------------------
-- Table structure for `jbpm4_variable`
-- ----------------------------
DROP TABLE IF EXISTS `jbpm4_variable`;
CREATE TABLE `jbpm4_variable` (
  `DBID_` bigint(20) NOT NULL,
  `CLASS_` varchar(255) COLLATE utf8_bin NOT NULL,
  `DBVERSION_` int(11) NOT NULL,
  `KEY_` varchar(255) COLLATE utf8_bin DEFAULT NULL,
  `CONVERTER_` varchar(255) COLLATE utf8_bin DEFAULT NULL,
  `HIST_` bit(1) DEFAULT NULL,
  `EXECUTION_` bigint(20) DEFAULT NULL,
  `TASK_` bigint(20) DEFAULT NULL,
  `LOB_` bigint(20) DEFAULT NULL,
  `DATE_VALUE_` datetime DEFAULT NULL,
  `DOUBLE_VALUE_` double DEFAULT NULL,
  `CLASSNAME_` varchar(255) COLLATE utf8_bin DEFAULT NULL,
  `LONG_VALUE_` bigint(20) DEFAULT NULL,
  `STRING_VALUE_` varchar(255) COLLATE utf8_bin DEFAULT NULL,
  `TEXT_VALUE_` longtext COLLATE utf8_bin,
  `EXESYS_` bigint(20) DEFAULT NULL,
  PRIMARY KEY (`DBID_`),
  KEY `FK_VAR_EXESYS` (`EXESYS_`),
  KEY `FK_VAR_LOB` (`LOB_`),
  KEY `FK_VAR_TASK` (`TASK_`),
  KEY `FK_VAR_EXECUTION` (`EXECUTION_`),
  KEY `IDX_VAR_EXESYS` (`EXESYS_`),
  KEY `IDX_VAR_TASK` (`TASK_`),
  KEY `IDX_VAR_EXECUTION` (`EXECUTION_`),
  KEY `IDX_VAR_LOB` (`LOB_`),
  CONSTRAINT `FK_VAR_EXECUTION` FOREIGN KEY (`EXECUTION_`) REFERENCES `jbpm4_execution` (`DBID_`),
  CONSTRAINT `FK_VAR_EXESYS` FOREIGN KEY (`EXESYS_`) REFERENCES `jbpm4_execution` (`DBID_`),
  CONSTRAINT `FK_VAR_LOB` FOREIGN KEY (`LOB_`) REFERENCES `jbpm4_lob` (`DBID_`),
  CONSTRAINT `FK_VAR_TASK` FOREIGN KEY (`TASK_`) REFERENCES `jbpm4_task` (`DBID_`)
) ENGINE=InnoDB DEFAULT CHARSET=utf8 COLLATE=utf8_bin;

-- ----------------------------
-- Records of jbpm4_variable
-- ----------------------------
INSERT INTO jbpm4_variable VALUES ('200002', 'string', '0', 'crruentUserIds', null, '', '200001', null, null, null, null, null, null, '1', null, null);

-- ----------------------------
-- Table structure for `pingtai_department`
-- ----------------------------
DROP TABLE IF EXISTS `pingtai_department`;
CREATE TABLE `pingtai_department` (
  `ids` bigint(20) NOT NULL AUTO_INCREMENT,
  `createdDate` datetime DEFAULT NULL,
  `modifiedDate` datetime DEFAULT NULL,
  `valid` varchar(7) COLLATE utf8_bin DEFAULT NULL,
  `version` bigint(20) DEFAULT NULL,
  `description` varchar(200) COLLATE utf8_bin DEFAULT NULL,
  `names` varchar(25) COLLATE utf8_bin DEFAULT NULL,
  `creatorUserIds` bigint(20) DEFAULT NULL,
  `modifiedUserIds` bigint(20) DEFAULT NULL,
  `principalUserIds` bigint(20) DEFAULT NULL,
  `departmentLevel` bigint(20) DEFAULT NULL,
  `images` varchar(50) COLLATE utf8_bin DEFAULT NULL,
  `orderIds` bigint(20) DEFAULT NULL,
  `parentDepartmentIds` bigint(20) DEFAULT NULL,
  `url` varchar(100) COLLATE utf8_bin DEFAULT NULL,
  PRIMARY KEY (`ids`),
  UNIQUE KEY `ids` (`ids`),
  KEY `FK7CE251C7BF045F6D` (`creatorUserIds`),
  KEY `FK7CE251C79BC52230` (`modifiedUserIds`),
  KEY `FK7CE251C73F48C92B` (`principalUserIds`),
  KEY `FK7CE251C72A908E8F` (`parentDepartmentIds`),
  CONSTRAINT `FK7CE251C72A908E8F` FOREIGN KEY (`parentDepartmentIds`) REFERENCES `pingtai_department` (`ids`),
  CONSTRAINT `FK7CE251C73F48C92B` FOREIGN KEY (`principalUserIds`) REFERENCES `pingtai_user` (`ids`),
  CONSTRAINT `FK7CE251C79BC52230` FOREIGN KEY (`modifiedUserIds`) REFERENCES `pingtai_user` (`ids`),
  CONSTRAINT `FK7CE251C7BF045F6D` FOREIGN KEY (`creatorUserIds`) REFERENCES `pingtai_user` (`ids`)
) ENGINE=InnoDB AUTO_INCREMENT=5 DEFAULT CHARSET=utf8 COLLATE=utf8_bin;

-- ----------------------------
-- Records of pingtai_department
-- ----------------------------
INSERT INTO pingtai_department VALUES ('1', '2010-11-23 14:47:57', '2010-11-23 14:48:00', 'youXiao', '0', '根节点', '公司部门组织结构', '1', '1', null, '-1', null, '1', '1', '#');
INSERT INTO pingtai_department VALUES ('2', null, '2011-03-27 19:23:57', 'youXiao', '3', '系统平台部', '系统平台部', '1', '1', '1', null, null, null, '1', null);
INSERT INTO pingtai_department VALUES ('4', null, '2011-03-27 19:24:12', 'youXiao', '4', '运维部', '运维部', '1', '1', '1', null, null, null, '2', null);

-- ----------------------------
-- Table structure for `pingtai_dict`
-- ----------------------------
DROP TABLE IF EXISTS `pingtai_dict`;
CREATE TABLE `pingtai_dict` (
  `ids` bigint(20) NOT NULL AUTO_INCREMENT,
  `createdDate` datetime DEFAULT NULL,
  `modifiedDate` datetime DEFAULT NULL,
  `valid` varchar(7) COLLATE utf8_bin DEFAULT NULL,
  `version` bigint(20) DEFAULT NULL,
  `names` varchar(25) COLLATE utf8_bin DEFAULT NULL,
  `numbers` varchar(50) COLLATE utf8_bin DEFAULT NULL,
  `orderIds` bigint(20) DEFAULT NULL,
  `value` varchar(50) COLLATE utf8_bin DEFAULT NULL,
  `creatorUserIds` bigint(20) DEFAULT NULL,
  `modifiedUserIds` bigint(20) DEFAULT NULL,
  `dictTypeIds` bigint(20) DEFAULT NULL,
  PRIMARY KEY (`ids`),
  UNIQUE KEY `ids` (`ids`),
  KEY `FKE47855EBBF045F6D` (`creatorUserIds`),
  KEY `FKE47855EB5B65E699` (`dictTypeIds`),
  KEY `FKE47855EB9BC52230` (`modifiedUserIds`),
  KEY `numbersIndex` (`numbers`),
  CONSTRAINT `FKE47855EB5B65E699` FOREIGN KEY (`dictTypeIds`) REFERENCES `pingtai_dicttype` (`ids`),
  CONSTRAINT `FKE47855EB9BC52230` FOREIGN KEY (`modifiedUserIds`) REFERENCES `pingtai_user` (`ids`),
  CONSTRAINT `FKE47855EBBF045F6D` FOREIGN KEY (`creatorUserIds`) REFERENCES `pingtai_user` (`ids`)
) ENGINE=InnoDB AUTO_INCREMENT=159 DEFAULT CHARSET=utf8 COLLATE=utf8_bin;

-- ----------------------------
-- Records of pingtai_dict
-- ----------------------------
INSERT INTO pingtai_dict VALUES ('18', '2010-10-22 22:45:13', null, 'youXiao', '0', '男', 'man', '1', 'man', null, null, '1');
INSERT INTO pingtai_dict VALUES ('19', '2010-10-22 22:45:13', null, 'youXiao', '0', '女', 'woman', '2', 'woman', null, null, '1');
INSERT INTO pingtai_dict VALUES ('28', '2010-10-23 00:12:44', null, 'youXiao', '0', '前台', 'userClass_qianTai', '1', 'userClass_qianTai', '1', null, '2');
INSERT INTO pingtai_dict VALUES ('29', '2010-10-23 00:12:44', null, 'youXiao', '0', '后台', 'userClass_houTai', '2', 'userClass_houTai', '1', null, '2');
INSERT INTO pingtai_dict VALUES ('63', '2010-10-23 00:26:30', null, 'youXiao', '0', '大专', 'wenHuaChenDu_dazhaun', '5', 'wenHuaChenDu_dazhaun', '1', null, '3');
INSERT INTO pingtai_dict VALUES ('64', '2010-10-23 00:26:30', null, 'youXiao', '0', '初中', 'wenHuaChenDu_chuZhong', '2', 'wenHuaChenDu_chuZhong', '1', null, '3');
INSERT INTO pingtai_dict VALUES ('65', '2010-10-23 00:26:30', null, 'youXiao', '0', '小学', 'wenHuaChenDu_xiaoXue', '1', 'wenHuaChenDu_xiaoXue', '1', null, '3');
INSERT INTO pingtai_dict VALUES ('66', '2010-10-23 00:26:30', null, 'youXiao', '0', '中专', 'wenHuaChenDu_zhongzhuan', '4', 'wenHuaChenDu_zhongzhuan', '1', null, '3');
INSERT INTO pingtai_dict VALUES ('67', '2010-10-23 00:26:30', null, 'youXiao', '0', '高中', 'wenHuaChenDu_gaoZhong', '3', 'wenHuaChenDu_gaoZhong', '1', null, '3');
INSERT INTO pingtai_dict VALUES ('68', '2010-10-23 00:26:30', null, 'youXiao', '0', '本科', 'wenHuaChenDu_benKe', '6', 'wenHuaChenDu_benKe', '1', null, '3');
INSERT INTO pingtai_dict VALUES ('69', '2010-10-23 00:26:30', null, 'youXiao', '0', '更高', 'wenHuaChenDu_gengGao', '7', 'wenHuaChenDu_gengGao', '1', null, '3');
INSERT INTO pingtai_dict VALUES ('73', '2010-10-24 19:48:18', null, 'youXiao', '0', '已婚', 'marriage_yes', '2', 'marriage_yes', '1', null, '5');
INSERT INTO pingtai_dict VALUES ('74', '2010-10-24 19:48:18', null, 'youXiao', '0', '未婚', 'marriage_no', '1', 'marriage_no', '1', null, '5');
INSERT INTO pingtai_dict VALUES ('78', '2010-10-24 20:10:10', null, 'youXiao', '0', '群众', 'government_qunZhong', '1', 'government_qunZhong', '1', null, '6');
INSERT INTO pingtai_dict VALUES ('79', '2010-10-24 20:10:10', null, 'youXiao', '0', '党员', 'government_dangYuan', '2', 'government_dangYuan', '1', null, '6');
INSERT INTO pingtai_dict VALUES ('80', '2010-10-24 20:16:29', null, 'youXiao', '0', '汉族', 'folk_han', '1', 'folk_han', '1', null, '4');
INSERT INTO pingtai_dict VALUES ('81', '2010-10-24 20:16:29', null, 'youXiao', '0', '其它', 'folk_qiTa', '2', 'folk_qiTa', '1', null, '4');
INSERT INTO pingtai_dict VALUES ('83', '2010-10-25 11:27:33', null, 'youXiao', '0', 'A型', 'bloodGroup_A', '1', 'bloodGroup_A', '1', null, '7');
INSERT INTO pingtai_dict VALUES ('84', '2010-10-25 11:27:33', null, 'youXiao', '0', 'B型', 'bloodGroup_B', '2', 'bloodGroup_B', '1', null, '7');
INSERT INTO pingtai_dict VALUES ('85', '2010-10-25 11:27:33', null, 'youXiao', '0', 'AB型', 'bloodGroup_AB', '3', 'bloodGroup_AB', '1', null, '7');
INSERT INTO pingtai_dict VALUES ('86', '2010-10-25 11:27:33', null, 'youXiao', '0', 'O型', 'bloodGroup_O', '4', 'bloodGroup_O', '1', null, '7');
INSERT INTO pingtai_dict VALUES ('88', '2010-10-27 21:16:00', null, 'youXiao', '0', '前台菜单', 'menuType_qianTai', '1', 'menuType_qianTai', '1', null, '8');
INSERT INTO pingtai_dict VALUES ('89', '2010-10-27 21:16:00', null, 'youXiao', '0', '后台菜单', 'menuType_houTai', '2', 'menuType_houTai', '1', null, '8');
INSERT INTO pingtai_dict VALUES ('93', '2010-10-28 21:33:38', null, 'youXiao', '0', '一级', 'menuLevel_one', '1', '1', '1', null, '9');
INSERT INTO pingtai_dict VALUES ('94', '2010-10-28 21:33:38', null, 'youXiao', '0', '二级', 'menuLevel_two', '2', '2', '1', null, '9');
INSERT INTO pingtai_dict VALUES ('95', '2010-11-10 13:45:43', null, 'youXiao', '0', '即时支付', 'paymentType_instant', '1', 'paymentType_instant', '1', null, '10');
INSERT INTO pingtai_dict VALUES ('96', '2010-11-10 13:45:43', null, 'youXiao', '0', '担保支付', 'paymentType_assure', '4', 'paymentType_assure', '1', null, '10');
INSERT INTO pingtai_dict VALUES ('97', '2010-11-10 13:45:43', null, 'youXiao', '0', '货到付款', 'paymentType_cod', '2', 'paymentType_cod', '1', null, '10');
INSERT INTO pingtai_dict VALUES ('98', '2010-11-10 13:45:43', null, 'youXiao', '0', '汇款', 'paymentType_remit', '3', 'paymentType_remit', '1', null, '10');
INSERT INTO pingtai_dict VALUES ('99', '2010-11-10 13:51:32', null, 'youXiao', '0', '未支付', 'paymentStatus_no', '1', 'paymentStatus_no', '1', null, '11');
INSERT INTO pingtai_dict VALUES ('100', '2010-11-10 13:51:32', null, 'youXiao', '0', '已支付', 'paymentStatus_yes', '3', 'paymentStatus_yes', '1', null, '11');
INSERT INTO pingtai_dict VALUES ('101', '2010-11-10 13:51:32', null, 'youXiao', '0', '未结清', 'paymentStatus_part', '2', 'paymentStatus_part', '1', null, '11');
INSERT INTO pingtai_dict VALUES ('106', '2010-11-10 14:08:11', null, 'youXiao', '0', '等待支付', 'orderFormStatus_waitPay', '1', 'orderFormStatus_waitPay', '1', null, '13');
INSERT INTO pingtai_dict VALUES ('107', '2010-11-10 14:08:11', null, 'youXiao', '0', '等待发货', 'orderFormStatus_waitFaHuo', '2', 'orderFormStatus_waitFaHuo', '1', null, '13');
INSERT INTO pingtai_dict VALUES ('108', '2010-11-10 14:08:11', null, 'youXiao', '0', '已经发货', 'orderFormStatus_alreadyFaHuo', '3', 'orderFormStatus_alreadyFaHuo', '1', null, '13');
INSERT INTO pingtai_dict VALUES ('109', '2010-11-10 14:08:11', null, 'youXiao', '0', '订单结束', 'orderFormStatus_over', '4', 'orderFormStatus_over', '1', null, '13');
INSERT INTO pingtai_dict VALUES ('112', '2010-11-11 15:24:13', null, 'youXiao', '0', '一级', 'productClass_one', '1', '1', '1', null, '14');
INSERT INTO pingtai_dict VALUES ('113', '2010-11-11 15:24:13', null, 'youXiao', '0', '二级', 'productClass_two', '2', '2', '1', null, '14');
INSERT INTO pingtai_dict VALUES ('114', '2010-11-11 16:17:15', null, 'youXiao', '0', '打开', 'productClassStatus_NO', '1', 'NO', '1', null, '15');
INSERT INTO pingtai_dict VALUES ('115', '2010-11-11 16:17:15', null, 'youXiao', '0', '关闭', 'productClassStatus_OFF', '2', 'OFF', '1', null, '15');
INSERT INTO pingtai_dict VALUES ('126', '2010-11-16 10:08:02', null, 'youXiao', '0', '待审核', 'appraiseStatus_daiShen', '1', 'daiShen', '1', null, '17');
INSERT INTO pingtai_dict VALUES ('127', '2010-11-16 10:08:02', null, 'youXiao', '0', '审核通过', 'appraiseStatus_tongGuo', '2', 'tongGuo', '1', null, '17');
INSERT INTO pingtai_dict VALUES ('128', '2010-11-16 10:08:02', null, 'youXiao', '0', '审核未通过', 'appraiseStatus_meiTongGuo', '3', 'meiTongGuo', '1', null, '17');
INSERT INTO pingtai_dict VALUES ('134', '2010-11-16 10:31:39', null, 'youXiao', '0', '付款方式', 'guide_fuKuanFangShi', '1', 'fuKuanFangShi', '1', null, '18');
INSERT INTO pingtai_dict VALUES ('135', '2010-11-16 10:31:39', null, 'youXiao', '0', '配送方式', 'guide_peiSongFangShi', '2', 'peiSongFangShi', '1', null, '18');
INSERT INTO pingtai_dict VALUES ('136', '2010-11-16 10:31:39', null, 'youXiao', '0', '退货与换货', 'guide_tuiHuoHuanHuo', '3', 'tuiHuoHuanHuo', '1', null, '18');
INSERT INTO pingtai_dict VALUES ('137', '2010-11-16 10:31:39', null, 'youXiao', '0', '帮助中心', 'guide_bangZhuZhongXin', '4', 'bangZhuZhongXin', '1', null, '18');
INSERT INTO pingtai_dict VALUES ('138', '2010-11-16 10:31:39', null, 'youXiao', '0', '关于我们', 'guide_guanYuWoMen', '5', 'guanYuWoMen', '1', null, '18');
INSERT INTO pingtai_dict VALUES ('139', '2011-01-23 10:07:01', null, 'youXiao', '0', '在售', 'productStatus_NO', '1', 'productStatus_NO', '1', null, '16');
INSERT INTO pingtai_dict VALUES ('140', '2011-01-23 10:07:01', null, 'youXiao', '0', '停售', 'productStatus_OFF', '2', 'productStatus_OFF', '1', null, '16');
INSERT INTO pingtai_dict VALUES ('157', '2011-05-24 20:37:48', null, 'youXiao', '0', '用户级', 'userOperatorDataLevel_yongHuJi', '1', 'userOperatorDataLevel_yongHuJi', '1', null, '19');
INSERT INTO pingtai_dict VALUES ('158', '2011-05-24 20:37:48', null, 'youXiao', '0', '部门级', 'userOperatorDataLevel_buMenJi', '2', 'userOperatorDataLevel_buMenJi', '1', null, '19');

-- ----------------------------
-- Table structure for `pingtai_dicttype`
-- ----------------------------
DROP TABLE IF EXISTS `pingtai_dicttype`;
CREATE TABLE `pingtai_dicttype` (
  `ids` bigint(20) NOT NULL AUTO_INCREMENT,
  `createdDate` datetime DEFAULT NULL,
  `modifiedDate` datetime DEFAULT NULL,
  `valid` varchar(7) COLLATE utf8_bin DEFAULT NULL,
  `version` bigint(20) DEFAULT NULL,
  `names` varchar(25) COLLATE utf8_bin DEFAULT NULL,
  `numbers` varchar(50) COLLATE utf8_bin DEFAULT NULL,
  `orderIds` bigint(20) DEFAULT NULL,
  `creatorUserIds` bigint(20) DEFAULT NULL,
  `modifiedUserIds` bigint(20) DEFAULT NULL,
  PRIMARY KEY (`ids`),
  UNIQUE KEY `ids` (`ids`),
  KEY `FKA35D6BC5BF045F6D` (`creatorUserIds`),
  KEY `FKA35D6BC59BC52230` (`modifiedUserIds`),
  KEY `numbersIndex` (`numbers`),
  CONSTRAINT `FKA35D6BC59BC52230` FOREIGN KEY (`modifiedUserIds`) REFERENCES `pingtai_user` (`ids`),
  CONSTRAINT `FKA35D6BC5BF045F6D` FOREIGN KEY (`creatorUserIds`) REFERENCES `pingtai_user` (`ids`)
) ENGINE=InnoDB AUTO_INCREMENT=20 DEFAULT CHARSET=utf8 COLLATE=utf8_bin;

-- ----------------------------
-- Records of pingtai_dicttype
-- ----------------------------
INSERT INTO pingtai_dicttype VALUES ('1', '2010-10-18 20:13:31', '2010-10-22 22:45:13', 'youXiao', '9', '性别', 'sex', '1', '1', null);
INSERT INTO pingtai_dicttype VALUES ('2', '2010-10-22 23:00:38', '2010-10-23 00:12:28', 'youXiao', '2', '用户类型', 'userClass', '2', '1', null);
INSERT INTO pingtai_dicttype VALUES ('3', '2010-10-22 23:39:56', '2010-10-23 00:26:30', 'youXiao', '6', '文化程度', 'wenHuaChenDu', '3', '1', null);
INSERT INTO pingtai_dicttype VALUES ('4', '2010-10-22 23:51:12', '2010-10-24 20:16:29', 'youXiao', '2', '民族', 'folk', '4', '1', null);
INSERT INTO pingtai_dicttype VALUES ('5', '2010-10-24 19:47:58', '2010-10-24 19:48:18', 'youXiao', '1', '婚姻状况', 'marriage', '5', '1', null);
INSERT INTO pingtai_dicttype VALUES ('6', '2010-10-24 20:07:14', '2010-10-24 20:10:10', 'youXiao', '2', '政治面貌', 'government', '6', '1', null);
INSERT INTO pingtai_dicttype VALUES ('7', '2010-10-25 11:26:42', '2010-10-25 11:27:33', 'youXiao', '1', '血型', 'bloodGroup', '7', '1', null);
INSERT INTO pingtai_dicttype VALUES ('8', '2010-10-27 21:15:30', '2010-10-27 21:16:00', 'youXiao', '1', '菜单类型', 'menuType', '8', '1', null);
INSERT INTO pingtai_dicttype VALUES ('9', '2010-10-27 22:18:30', '2010-10-28 21:33:38', 'youXiao', '2', '菜单级别', 'menuLevel', '9', '1', null);
INSERT INTO pingtai_dicttype VALUES ('10', '2010-11-10 13:45:42', null, 'youXiao', '0', '支付类型', 'paymentType', '10', '1', null);
INSERT INTO pingtai_dicttype VALUES ('11', '2010-11-10 13:51:32', null, 'youXiao', '0', '支付状态', 'paymentStatus', '11', '1', null);
INSERT INTO pingtai_dicttype VALUES ('13', '2010-11-10 14:01:01', '2010-11-10 14:08:11', 'youXiao', '1', '订单状态', 'orderFormStatus', '12', '1', '1');
INSERT INTO pingtai_dicttype VALUES ('14', '2010-11-11 15:16:13', '2010-11-11 15:24:13', 'youXiao', '1', '商品分类级别', 'productClass', '13', '1', '1');
INSERT INTO pingtai_dicttype VALUES ('15', '2010-11-11 16:17:14', null, 'youXiao', '0', '商品分类状态', 'productClassStatus', '14', '1', null);
INSERT INTO pingtai_dicttype VALUES ('16', null, '2011-01-23 10:07:01', 'youXiao', '1', '商品状态', 'productStatus', '15', '1', '1');
INSERT INTO pingtai_dicttype VALUES ('17', '2010-11-15 00:09:00', '2010-11-16 10:08:02', 'youXiao', '1', '评论状态', 'appraiseStatus', '16', '1', '1');
INSERT INTO pingtai_dicttype VALUES ('18', '2010-11-15 16:30:05', '2010-11-16 10:31:39', 'youXiao', '2', '用户指南分类', 'guide', '17', '1', '1');
INSERT INTO pingtai_dicttype VALUES ('19', '2011-05-23 21:29:14', '2011-05-24 20:37:48', 'youXiao', '4', '用户操作数据级别', 'userOperatorDataLevel', '18', '1', '1');

-- ----------------------------
-- Table structure for `pingtai_group`
-- ----------------------------
DROP TABLE IF EXISTS `pingtai_group`;
CREATE TABLE `pingtai_group` (
  `ids` bigint(20) NOT NULL AUTO_INCREMENT,
  `createdDate` datetime DEFAULT NULL,
  `modifiedDate` datetime DEFAULT NULL,
  `valid` varchar(7) COLLATE utf8_bin DEFAULT NULL,
  `version` bigint(20) DEFAULT NULL,
  `description` varchar(200) COLLATE utf8_bin DEFAULT NULL,
  `names` varchar(25) COLLATE utf8_bin DEFAULT NULL,
  `creatorUserIds` bigint(20) DEFAULT NULL,
  `modifiedUserIds` bigint(20) DEFAULT NULL,
  PRIMARY KEY (`ids`),
  UNIQUE KEY `ids` (`ids`),
  KEY `FKAAC0F2EABF045F6D` (`creatorUserIds`),
  KEY `FKAAC0F2EA9BC52230` (`modifiedUserIds`),
  CONSTRAINT `FKAAC0F2EA9BC52230` FOREIGN KEY (`modifiedUserIds`) REFERENCES `pingtai_user` (`ids`),
  CONSTRAINT `FKAAC0F2EABF045F6D` FOREIGN KEY (`creatorUserIds`) REFERENCES `pingtai_user` (`ids`)
) ENGINE=InnoDB AUTO_INCREMENT=3 DEFAULT CHARSET=utf8 COLLATE=utf8_bin;

-- ----------------------------
-- Records of pingtai_group
-- ----------------------------
INSERT INTO pingtai_group VALUES ('1', '2010-10-26 21:54:10', '2010-11-01 14:16:19', 'youXiao', '14', '系统管理员组', '管理员', '1', '1');
INSERT INTO pingtai_group VALUES ('2', '2010-10-26 21:56:10', '2011-03-09 20:27:39', 'youXiao', '17', '普通用户组', '普通用户', '1', '1');

-- ----------------------------
-- Table structure for `pingtai_jbpm4_assignmode`
-- ----------------------------
DROP TABLE IF EXISTS `pingtai_jbpm4_assignmode`;
CREATE TABLE `pingtai_jbpm4_assignmode` (
  `ids` bigint(20) NOT NULL AUTO_INCREMENT,
  `createdDate` datetime DEFAULT NULL,
  `modifiedDate` datetime DEFAULT NULL,
  `valid` varchar(7) COLLATE utf8_bin DEFAULT NULL,
  `version` bigint(20) DEFAULT NULL,
  `implClass` varchar(100) COLLATE utf8_bin DEFAULT NULL,
  `names` varchar(20) COLLATE utf8_bin DEFAULT NULL,
  `paramaterClassName` varchar(50) COLLATE utf8_bin DEFAULT NULL,
  `paramaterFindLink` varchar(100) COLLATE utf8_bin DEFAULT NULL,
  `creatorUserIds` bigint(20) DEFAULT NULL,
  `modifiedUserIds` bigint(20) DEFAULT NULL,
  PRIMARY KEY (`ids`),
  UNIQUE KEY `ids` (`ids`),
  KEY `FK3920C067BF045F6D` (`creatorUserIds`),
  KEY `FK3920C0679BC52230` (`modifiedUserIds`),
  CONSTRAINT `FK3920C0679BC52230` FOREIGN KEY (`modifiedUserIds`) REFERENCES `pingtai_user` (`ids`),
  CONSTRAINT `FK3920C067BF045F6D` FOREIGN KEY (`creatorUserIds`) REFERENCES `pingtai_user` (`ids`)
) ENGINE=InnoDB AUTO_INCREMENT=3 DEFAULT CHARSET=utf8 COLLATE=utf8_bin;

-- ----------------------------
-- Records of pingtai_jbpm4_assignmode
-- ----------------------------
INSERT INTO pingtai_jbpm4_assignmode VALUES ('1', '2010-11-03 16:43:49', '2010-11-26 09:55:30', 'youXiao', '7', 'com.aqua.pingtai.jbpm.assignment.impl.AssignmentHandlerByEmployee.java', '分派到员工', 'paramaterOne', '/pingTai/userPingTaiAction!userListDialog.action', '1', '1');
INSERT INTO pingtai_jbpm4_assignmode VALUES ('2', '2010-11-05 13:45:57', '2010-11-26 15:59:10', 'youXiao', '9', 'com.aqua.pingtai.jbpm.assignment.impl.AssignmentHandlerByManyEmployee.java', '分派到多个员工', 'paramaterOne', '/pingTai/userPingTaiAction!userListDialogTree.action', '1', '1');

-- ----------------------------
-- Table structure for `pingtai_jbpm4_groupimpl`
-- ----------------------------
DROP TABLE IF EXISTS `pingtai_jbpm4_groupimpl`;
CREATE TABLE `pingtai_jbpm4_groupimpl` (
  `ids` bigint(20) NOT NULL AUTO_INCREMENT,
  `createdDate` datetime DEFAULT NULL,
  `modifiedDate` datetime DEFAULT NULL,
  `valid` varchar(7) COLLATE utf8_bin DEFAULT NULL,
  `version` bigint(20) DEFAULT NULL,
  `description` varchar(200) COLLATE utf8_bin DEFAULT NULL,
  `id` varchar(20) COLLATE utf8_bin DEFAULT NULL,
  `name` varchar(25) COLLATE utf8_bin DEFAULT NULL,
  `type` varchar(25) COLLATE utf8_bin DEFAULT NULL,
  `creatorUserIds` bigint(20) DEFAULT NULL,
  `modifiedUserIds` bigint(20) DEFAULT NULL,
  `groupIds` bigint(20) DEFAULT NULL,
  PRIMARY KEY (`ids`),
  UNIQUE KEY `ids` (`ids`),
  UNIQUE KEY `id` (`id`),
  KEY `FK8EBD6D2ABF045F6D` (`creatorUserIds`),
  KEY `FK8EBD6D2A8C37B037` (`groupIds`),
  KEY `FK8EBD6D2A9BC52230` (`modifiedUserIds`),
  CONSTRAINT `FK8EBD6D2A8C37B037` FOREIGN KEY (`groupIds`) REFERENCES `pingtai_group` (`ids`),
  CONSTRAINT `FK8EBD6D2A9BC52230` FOREIGN KEY (`modifiedUserIds`) REFERENCES `pingtai_user` (`ids`),
  CONSTRAINT `FK8EBD6D2ABF045F6D` FOREIGN KEY (`creatorUserIds`) REFERENCES `pingtai_user` (`ids`)
) ENGINE=InnoDB AUTO_INCREMENT=3 DEFAULT CHARSET=utf8 COLLATE=utf8_bin;

-- ----------------------------
-- Records of pingtai_jbpm4_groupimpl
-- ----------------------------
INSERT INTO pingtai_jbpm4_groupimpl VALUES ('2', '2010-11-08 14:45:58', null, 'youXiao', '0', '管理员', '1', '管理员', '管理员', '1', null, '1');

-- ----------------------------
-- Table structure for `pingtai_jbpm4_swimlane`
-- ----------------------------
DROP TABLE IF EXISTS `pingtai_jbpm4_swimlane`;
CREATE TABLE `pingtai_jbpm4_swimlane` (
  `ids` bigint(20) NOT NULL AUTO_INCREMENT,
  `createdDate` datetime DEFAULT NULL,
  `modifiedDate` datetime DEFAULT NULL,
  `valid` varchar(7) COLLATE utf8_bin DEFAULT NULL,
  `version` bigint(20) DEFAULT NULL,
  `groupIds` varchar(500) COLLATE utf8_bin DEFAULT NULL,
  `groupNames` varchar(500) COLLATE utf8_bin DEFAULT NULL,
  `processDefinitionId` varchar(35) COLLATE utf8_bin DEFAULT NULL,
  `swimlaneName` varchar(20) COLLATE utf8_bin DEFAULT NULL,
  `userIds` varchar(500) COLLATE utf8_bin DEFAULT NULL,
  `userNames` varchar(500) COLLATE utf8_bin DEFAULT NULL,
  `variableName` varchar(20) COLLATE utf8_bin DEFAULT NULL,
  `creatorUserIds` bigint(20) DEFAULT NULL,
  `modifiedUserIds` bigint(20) DEFAULT NULL,
  PRIMARY KEY (`ids`),
  UNIQUE KEY `ids` (`ids`),
  KEY `FK2008709BF045F6D` (`creatorUserIds`),
  KEY `FK20087099BC52230` (`modifiedUserIds`),
  CONSTRAINT `FK20087099BC52230` FOREIGN KEY (`modifiedUserIds`) REFERENCES `pingtai_user` (`ids`),
  CONSTRAINT `FK2008709BF045F6D` FOREIGN KEY (`creatorUserIds`) REFERENCES `pingtai_user` (`ids`)
) ENGINE=InnoDB AUTO_INCREMENT=24 DEFAULT CHARSET=utf8 COLLATE=utf8_bin;

-- ----------------------------
-- Records of pingtai_jbpm4_swimlane
-- ----------------------------
INSERT INTO pingtai_jbpm4_swimlane VALUES ('20', '2011-02-28 22:45:22', null, 'youXiao', '0', '4', 'Java小组', 'QingJiaNew-1', 'AAA', '2', '小二', 'AAA', '1', null);
INSERT INTO pingtai_jbpm4_swimlane VALUES ('21', '2011-02-28 22:45:22', null, 'youXiao', '0', '5', 'c小组', 'QingJiaNew-1', 'BBB', '3', 'test002', 'BBB', '1', null);
INSERT INTO pingtai_jbpm4_swimlane VALUES ('22', '2011-02-28 22:45:22', '2011-05-17 20:05:31', 'youXiao', '5', '7', '策划', 'QingJiaNew-1', 'CCC', '4', 'test003', 'CCC', '1', '1');
INSERT INTO pingtai_jbpm4_swimlane VALUES ('23', '2011-02-28 22:45:22', '2011-02-28 22:53:03', 'youXiao', '2', '8', '实施', 'QingJiaNew-1', 'DDD', '5', '部门经理', 'DDD', '1', '1');

-- ----------------------------
-- Table structure for `pingtai_jbpm4_taskassignment`
-- ----------------------------
DROP TABLE IF EXISTS `pingtai_jbpm4_taskassignment`;
CREATE TABLE `pingtai_jbpm4_taskassignment` (
  `ids` bigint(20) NOT NULL AUTO_INCREMENT,
  `createdDate` datetime DEFAULT NULL,
  `modifiedDate` datetime DEFAULT NULL,
  `valid` varchar(7) COLLATE utf8_bin DEFAULT NULL,
  `version` bigint(20) DEFAULT NULL,
  `assignModeId` bigint(20) DEFAULT NULL,
  `assignModeParamaterId` varchar(500) COLLATE utf8_bin DEFAULT NULL,
  `assignModeParamaterName` varchar(500) COLLATE utf8_bin DEFAULT NULL,
  `countDay` bigint(20) DEFAULT NULL,
  `processAction` varchar(200) COLLATE utf8_bin DEFAULT NULL,
  `processDefinitionId` varchar(35) COLLATE utf8_bin DEFAULT NULL,
  `taskName` varchar(20) COLLATE utf8_bin DEFAULT NULL,
  `variableName` varchar(20) COLLATE utf8_bin DEFAULT NULL,
  `creatorUserIds` bigint(20) DEFAULT NULL,
  `modifiedUserIds` bigint(20) DEFAULT NULL,
  `assignType` varchar(20) COLLATE utf8_bin DEFAULT NULL,
  PRIMARY KEY (`ids`),
  UNIQUE KEY `ids` (`ids`),
  KEY `FKCBC4BCE7BF045F6D` (`creatorUserIds`),
  KEY `FKCBC4BCE79BC52230` (`modifiedUserIds`),
  KEY `FKCBC4BCE7C8439DC2` (`assignModeId`),
  CONSTRAINT `FKCBC4BCE79BC52230` FOREIGN KEY (`modifiedUserIds`) REFERENCES `pingtai_user` (`ids`),
  CONSTRAINT `FKCBC4BCE7BF045F6D` FOREIGN KEY (`creatorUserIds`) REFERENCES `pingtai_user` (`ids`),
  CONSTRAINT `FKCBC4BCE7C8439DC2` FOREIGN KEY (`assignModeId`) REFERENCES `pingtai_jbpm4_assignmode` (`ids`)
) ENGINE=InnoDB AUTO_INCREMENT=131 DEFAULT CHARSET=utf8 COLLATE=utf8_bin;

-- ----------------------------
-- Records of pingtai_jbpm4_taskassignment
-- ----------------------------
INSERT INTO pingtai_jbpm4_taskassignment VALUES ('121', '2011-02-27 11:14:31', null, 'youXiao', '0', null, '', '', null, '/applicationAdmin/qingJiaApplicationAdminAction!qingJiaAdd.action', 'QingJia-1', '填写请假单', 'crruentUserIds', '1', null, 'bianLiang');
INSERT INTO pingtai_jbpm4_taskassignment VALUES ('122', '2011-02-27 11:14:31', null, 'youXiao', '0', null, '5', '部门经理', null, '/applicationAdmin/qingJiaApplicationAdminAction!buMenJingLiAdd.action', 'QingJia-1', '部门经理审批', 'bb', '1', null, 'peiZhi');
INSERT INTO pingtai_jbpm4_taskassignment VALUES ('123', '2011-02-27 11:14:31', null, 'youXiao', '0', null, '6', '总经理', null, '/applicationAdmin/qingJiaApplicationAdminAction!zongJingLiAdd.action', 'QingJia-1', '总经理审批', 'cc', '1', null, 'peiZhi');
INSERT INTO pingtai_jbpm4_taskassignment VALUES ('128', '2011-02-27 20:43:21', null, 'youXiao', '0', null, '', '', null, '/applicationAdmin/qingJiaApplicationAdminAction!qingJiaAdd.action', 'QingJiaNew-1', '填写请假单', 'crruentUserIds', '1', null, 'bianLiang');
INSERT INTO pingtai_jbpm4_taskassignment VALUES ('129', '2011-02-27 20:43:21', null, 'youXiao', '0', null, '1', '管理员', null, '/applicationAdmin/qingJiaApplicationAdminAction!buMenJingLiAdd.action', 'QingJiaNew-1', '部门经理审批', '', '1', null, 'peiZhi');
INSERT INTO pingtai_jbpm4_taskassignment VALUES ('130', '2011-02-27 20:43:21', '2011-06-02 11:21:10', 'youXiao', '13', null, '1', '管理员', null, '/applicationAdmin/qingJiaApplicationAdminAction!zongJingLiAdd.action', 'QingJiaNew-1', '总经理审批', '', '1', '1', 'peiZhi');

-- ----------------------------
-- Table structure for `pingtai_jbpm4_tasklog`
-- ----------------------------
DROP TABLE IF EXISTS `pingtai_jbpm4_tasklog`;
CREATE TABLE `pingtai_jbpm4_tasklog` (
  `ids` bigint(20) NOT NULL AUTO_INCREMENT,
  `createdDate` datetime DEFAULT NULL,
  `modifiedDate` datetime DEFAULT NULL,
  `valid` varchar(7) COLLATE utf8_bin DEFAULT NULL,
  `version` bigint(20) DEFAULT NULL,
  `names` varchar(20) COLLATE utf8_bin DEFAULT NULL,
  `processDefinitionId` varchar(20) COLLATE utf8_bin DEFAULT NULL,
  `processInstanceId` varchar(20) COLLATE utf8_bin DEFAULT NULL,
  `processName` varchar(20) COLLATE utf8_bin DEFAULT NULL,
  `taskDescription` varchar(200) COLLATE utf8_bin DEFAULT NULL,
  `taskId` varchar(20) COLLATE utf8_bin DEFAULT NULL,
  `taskState` varchar(20) COLLATE utf8_bin DEFAULT NULL,
  `timeLimit` datetime DEFAULT NULL,
  `creatorUserIds` bigint(20) DEFAULT NULL,
  `modifiedUserIds` bigint(20) DEFAULT NULL,
  `taskAssignmentId` bigint(20) DEFAULT NULL,
  PRIMARY KEY (`ids`),
  UNIQUE KEY `ids` (`ids`),
  KEY `FKD629B66ABF045F6D` (`creatorUserIds`),
  KEY `FKD629B66A9BC52230` (`modifiedUserIds`),
  KEY `FKD629B66AF4D89954` (`taskAssignmentId`),
  CONSTRAINT `FKD629B66A9BC52230` FOREIGN KEY (`modifiedUserIds`) REFERENCES `pingtai_user` (`ids`),
  CONSTRAINT `FKD629B66ABF045F6D` FOREIGN KEY (`creatorUserIds`) REFERENCES `pingtai_user` (`ids`),
  CONSTRAINT `FKD629B66AF4D89954` FOREIGN KEY (`taskAssignmentId`) REFERENCES `pingtai_jbpm4_taskassignment` (`ids`)
) ENGINE=InnoDB AUTO_INCREMENT=2 DEFAULT CHARSET=utf8 COLLATE=utf8_bin;

-- ----------------------------
-- Records of pingtai_jbpm4_tasklog
-- ----------------------------
INSERT INTO pingtai_jbpm4_tasklog VALUES ('1', '2011-06-02 10:25:18', null, 'youXiao', '0', '填写请假单', 'QingJiaNew-1', 'QingJiaNew.200001', 'QingJiaNew', '', '200003', '开始', '2011-06-02 10:25:18', '1', null, '128');

-- ----------------------------
-- Table structure for `pingtai_jbpm4_taskloghistory`
-- ----------------------------
DROP TABLE IF EXISTS `pingtai_jbpm4_taskloghistory`;
CREATE TABLE `pingtai_jbpm4_taskloghistory` (
  `ids` bigint(20) NOT NULL AUTO_INCREMENT,
  `createdDate` datetime DEFAULT NULL,
  `modifiedDate` datetime DEFAULT NULL,
  `valid` varchar(7) COLLATE utf8_bin DEFAULT NULL,
  `version` bigint(20) DEFAULT NULL,
  `names` varchar(20) COLLATE utf8_bin DEFAULT NULL,
  `processDefinitionId` varchar(20) COLLATE utf8_bin DEFAULT NULL,
  `processInstanceId` varchar(20) COLLATE utf8_bin DEFAULT NULL,
  `processName` varchar(20) COLLATE utf8_bin DEFAULT NULL,
  `taskDescription` varchar(200) COLLATE utf8_bin DEFAULT NULL,
  `taskId` varchar(20) COLLATE utf8_bin DEFAULT NULL,
  `taskState` varchar(20) COLLATE utf8_bin DEFAULT NULL,
  `timeLimit` datetime DEFAULT NULL,
  `creatorUserIds` bigint(20) DEFAULT NULL,
  `modifiedUserIds` bigint(20) DEFAULT NULL,
  PRIMARY KEY (`ids`),
  UNIQUE KEY `ids` (`ids`),
  KEY `FKEA1A02EABF045F6D` (`creatorUserIds`),
  KEY `FKEA1A02EA9BC52230` (`modifiedUserIds`),
  CONSTRAINT `FKEA1A02EA9BC52230` FOREIGN KEY (`modifiedUserIds`) REFERENCES `pingtai_user` (`ids`),
  CONSTRAINT `FKEA1A02EABF045F6D` FOREIGN KEY (`creatorUserIds`) REFERENCES `pingtai_user` (`ids`)
) ENGINE=InnoDB DEFAULT CHARSET=utf8 COLLATE=utf8_bin;

-- ----------------------------
-- Records of pingtai_jbpm4_taskloghistory
-- ----------------------------

-- ----------------------------
-- Table structure for `pingtai_jbpm4_taskoperation`
-- ----------------------------
DROP TABLE IF EXISTS `pingtai_jbpm4_taskoperation`;
CREATE TABLE `pingtai_jbpm4_taskoperation` (
  `ids` bigint(20) NOT NULL AUTO_INCREMENT,
  `createdDate` datetime DEFAULT NULL,
  `modifiedDate` datetime DEFAULT NULL,
  `valid` varchar(7) COLLATE utf8_bin DEFAULT NULL,
  `version` bigint(20) DEFAULT NULL,
  `operation` varchar(20) COLLATE utf8_bin DEFAULT NULL,
  `processDefinitionId` varchar(20) COLLATE utf8_bin DEFAULT NULL,
  `taskName` varchar(20) COLLATE utf8_bin DEFAULT NULL,
  `creatorUserIds` bigint(20) DEFAULT NULL,
  `modifiedUserIds` bigint(20) DEFAULT NULL,
  `taskAssignmentId` bigint(20) DEFAULT NULL,
  PRIMARY KEY (`ids`),
  UNIQUE KEY `ids` (`ids`),
  KEY `FKEBD5740DBF045F6D` (`creatorUserIds`),
  KEY `FKEBD5740DFAD37A42` (`taskAssignmentId`),
  KEY `FKEBD5740D9BC52230` (`modifiedUserIds`),
  CONSTRAINT `FKEBD5740D9BC52230` FOREIGN KEY (`modifiedUserIds`) REFERENCES `pingtai_user` (`ids`),
  CONSTRAINT `FKEBD5740DBF045F6D` FOREIGN KEY (`creatorUserIds`) REFERENCES `pingtai_user` (`ids`),
  CONSTRAINT `FKEBD5740DFAD37A42` FOREIGN KEY (`taskAssignmentId`) REFERENCES `pingtai_jbpm4_taskassignment` (`ids`)
) ENGINE=InnoDB DEFAULT CHARSET=utf8 COLLATE=utf8_bin;

-- ----------------------------
-- Records of pingtai_jbpm4_taskoperation
-- ----------------------------

-- ----------------------------
-- Table structure for `pingtai_jbpm4_taskoperator`
-- ----------------------------
DROP TABLE IF EXISTS `pingtai_jbpm4_taskoperator`;
CREATE TABLE `pingtai_jbpm4_taskoperator` (
  `ids` bigint(20) NOT NULL AUTO_INCREMENT,
  `createdDate` datetime DEFAULT NULL,
  `modifiedDate` datetime DEFAULT NULL,
  `valid` varchar(7) COLLATE utf8_bin DEFAULT NULL,
  `version` bigint(20) DEFAULT NULL,
  `operator` varchar(35) COLLATE utf8_bin DEFAULT NULL,
  `processDefinitionId` varchar(20) COLLATE utf8_bin DEFAULT NULL,
  `taskName` varchar(20) COLLATE utf8_bin DEFAULT NULL,
  `creatorUserIds` bigint(20) DEFAULT NULL,
  `modifiedUserIds` bigint(20) DEFAULT NULL,
  `taskAssignmentId` bigint(20) DEFAULT NULL,
  PRIMARY KEY (`ids`),
  UNIQUE KEY `ids` (`ids`),
  KEY `FK51EE1D3EBF045F6D` (`creatorUserIds`),
  KEY `FK51EE1D3EFAD37A42` (`taskAssignmentId`),
  KEY `FK51EE1D3E9BC52230` (`modifiedUserIds`),
  CONSTRAINT `FK51EE1D3E9BC52230` FOREIGN KEY (`modifiedUserIds`) REFERENCES `pingtai_user` (`ids`),
  CONSTRAINT `FK51EE1D3EBF045F6D` FOREIGN KEY (`creatorUserIds`) REFERENCES `pingtai_user` (`ids`),
  CONSTRAINT `FK51EE1D3EFAD37A42` FOREIGN KEY (`taskAssignmentId`) REFERENCES `pingtai_jbpm4_taskassignment` (`ids`)
) ENGINE=InnoDB DEFAULT CHARSET=utf8 COLLATE=utf8_bin;

-- ----------------------------
-- Records of pingtai_jbpm4_taskoperator
-- ----------------------------

-- ----------------------------
-- Table structure for `pingtai_jbpm4_usergroup`
-- ----------------------------
DROP TABLE IF EXISTS `pingtai_jbpm4_usergroup`;
CREATE TABLE `pingtai_jbpm4_usergroup` (
  `userIds` bigint(20) NOT NULL,
  `groupIds` bigint(20) NOT NULL,
  PRIMARY KEY (`userIds`,`groupIds`),
  KEY `FKFA022D7F59B665D5` (`groupIds`),
  KEY `FKFA022D7F5FB6973B` (`userIds`),
  CONSTRAINT `FKFA022D7F59B665D5` FOREIGN KEY (`groupIds`) REFERENCES `pingtai_jbpm4_groupimpl` (`ids`),
  CONSTRAINT `FKFA022D7F5FB6973B` FOREIGN KEY (`userIds`) REFERENCES `pingtai_jbpm4_userimpl` (`ids`)
) ENGINE=InnoDB DEFAULT CHARSET=utf8 COLLATE=utf8_bin;

-- ----------------------------
-- Records of pingtai_jbpm4_usergroup
-- ----------------------------

-- ----------------------------
-- Table structure for `pingtai_jbpm4_userimpl`
-- ----------------------------
DROP TABLE IF EXISTS `pingtai_jbpm4_userimpl`;
CREATE TABLE `pingtai_jbpm4_userimpl` (
  `ids` bigint(20) NOT NULL AUTO_INCREMENT,
  `createdDate` datetime DEFAULT NULL,
  `modifiedDate` datetime DEFAULT NULL,
  `valid` varchar(7) COLLATE utf8_bin DEFAULT NULL,
  `version` bigint(20) DEFAULT NULL,
  `businessEmail` varchar(100) COLLATE utf8_bin DEFAULT NULL,
  `familyName` varchar(10) COLLATE utf8_bin DEFAULT NULL,
  `givenName` varchar(10) COLLATE utf8_bin DEFAULT NULL,
  `id` varchar(20) COLLATE utf8_bin DEFAULT NULL,
  `creatorUserIds` bigint(20) DEFAULT NULL,
  `modifiedUserIds` bigint(20) DEFAULT NULL,
  `userIds` bigint(20) DEFAULT NULL,
  PRIMARY KEY (`ids`),
  UNIQUE KEY `ids` (`ids`),
  UNIQUE KEY `id` (`id`),
  KEY `FKF79BD700BF045F6D` (`creatorUserIds`),
  KEY `FKF79BD7009BC52230` (`modifiedUserIds`),
  KEY `FKF79BD7007EEF2919` (`userIds`),
  CONSTRAINT `FKF79BD7007EEF2919` FOREIGN KEY (`userIds`) REFERENCES `pingtai_user` (`ids`),
  CONSTRAINT `FKF79BD7009BC52230` FOREIGN KEY (`modifiedUserIds`) REFERENCES `pingtai_user` (`ids`),
  CONSTRAINT `FKF79BD700BF045F6D` FOREIGN KEY (`creatorUserIds`) REFERENCES `pingtai_user` (`ids`)
) ENGINE=InnoDB DEFAULT CHARSET=utf8 COLLATE=utf8_bin;

-- ----------------------------
-- Records of pingtai_jbpm4_userimpl
-- ----------------------------

-- ----------------------------
-- Table structure for `pingtai_menu`
-- ----------------------------
DROP TABLE IF EXISTS `pingtai_menu`;
CREATE TABLE `pingtai_menu` (
  `ids` bigint(20) NOT NULL AUTO_INCREMENT,
  `createdDate` datetime DEFAULT NULL,
  `modifiedDate` datetime DEFAULT NULL,
  `valid` varchar(7) COLLATE utf8_bin DEFAULT NULL,
  `version` bigint(20) DEFAULT NULL,
  `names` varchar(25) COLLATE utf8_bin DEFAULT NULL,
  `url` varchar(200) COLLATE utf8_bin DEFAULT NULL,
  `creatorUserIds` bigint(20) DEFAULT NULL,
  `modifiedUserIds` bigint(20) DEFAULT NULL,
  `parentMenuIds` bigint(20) DEFAULT NULL,
  `description` varchar(200) COLLATE utf8_bin DEFAULT NULL,
  `menuType` varchar(50) COLLATE utf8_bin DEFAULT NULL,
  `menuLevel` bigint(20) DEFAULT NULL,
  `orderIds` bigint(20) DEFAULT NULL,
  `operatorIds` bigint(20) DEFAULT NULL,
  `images` varchar(50) COLLATE utf8_bin DEFAULT NULL,
  PRIMARY KEY (`ids`),
  UNIQUE KEY `ids` (`ids`),
  KEY `FKE47C5F94BF045F6D` (`creatorUserIds`),
  KEY `FKE47C5F949BC52230` (`modifiedUserIds`),
  KEY `FKE47C5F947A3994AF` (`parentMenuIds`),
  KEY `FKE47C5F94BEA745F9` (`operatorIds`),
  CONSTRAINT `FKE47C5F947A3994AF` FOREIGN KEY (`parentMenuIds`) REFERENCES `pingtai_menu` (`ids`),
  CONSTRAINT `FKE47C5F949BC52230` FOREIGN KEY (`modifiedUserIds`) REFERENCES `pingtai_user` (`ids`),
  CONSTRAINT `FKE47C5F94BEA745F9` FOREIGN KEY (`operatorIds`) REFERENCES `pingtai_operator` (`ids`),
  CONSTRAINT `FKE47C5F94BF045F6D` FOREIGN KEY (`creatorUserIds`) REFERENCES `pingtai_user` (`ids`)
) ENGINE=InnoDB AUTO_INCREMENT=52 DEFAULT CHARSET=utf8 COLLATE=utf8_bin;

-- ----------------------------
-- Records of pingtai_menu
-- ----------------------------
INSERT INTO pingtai_menu VALUES ('1', '2010-10-27 20:46:37', '2010-10-27 20:46:40', 'youXiao', '1', '后台菜单组织结构', 'root', '1', '1', '1', '后台菜单_根节点', 'menuType_houTai', '-1', null, null, null);
INSERT INTO pingtai_menu VALUES ('2', '2010-10-27 20:52:52', '2010-10-27 20:52:55', 'youXiao', '1', '根节点', 'root', '1', '1', '2', '前台菜单_根节点', 'menuType_qianTai', '-1', null, null, null);
INSERT INTO pingtai_menu VALUES ('6', null, '2011-03-27 14:31:08', 'youXiao', '3', '系统配置管理', '#', '1', '1', '1', '平台管理', 'menuType_houTai', '1', '1', null, null);
INSERT INTO pingtai_menu VALUES ('15', '2010-11-01 14:10:27', null, 'youXiao', '0', '用户管理', '/pingTai/userPingTaiAction!userList.action', '1', null, '6', '用户管理', 'menuType_houTai', '2', '1', null, 'main_46.gif');
INSERT INTO pingtai_menu VALUES ('16', '2010-11-01 14:10:52', '2010-11-18 10:04:11', 'youXiao', '1', '分组管理', '/pingTai/groupPingTaiAction!groupList.action', '1', '1', '6', '分组管理', 'menuType_houTai', '2', '2', null, 'main_40.gif');
INSERT INTO pingtai_menu VALUES ('17', '2010-11-01 14:11:39', '2010-11-18 10:04:30', 'youXiao', '1', '角色管理', '/pingTai/rolePingTaiAction!roleList.action', '1', '1', '6', '角色管理', 'menuType_houTai', '2', '3', null, 'main_48.gif');
INSERT INTO pingtai_menu VALUES ('18', '2010-11-01 14:12:08', '2010-11-18 10:05:08', 'youXiao', '2', '功能管理', '/pingTai/operatorPingTaiAction!operatorList.action', '1', '1', '6', '功能管理', 'menuType_houTai', '2', '4', null, 'main_46.gif');
INSERT INTO pingtai_menu VALUES ('19', '2010-11-01 14:12:31', '2010-11-18 10:05:49', 'youXiao', '1', '菜单管理', '/pingTai/menuPingTaiAction!menuList.action', '1', '1', '6', '菜单管理', 'menuType_houTai', '2', '5', null, 'main_52.gif');
INSERT INTO pingtai_menu VALUES ('20', '2010-11-01 14:12:59', '2010-11-18 10:06:07', 'youXiao', '1', '字典管理', '/pingTai/dictPingTaiAction!dictTypeList.action', '1', '1', '6', '字典管理', 'menuType_houTai', '2', '6', null, 'main_46.gif');
INSERT INTO pingtai_menu VALUES ('21', '2010-11-03 10:29:03', '2010-11-18 10:06:26', 'youXiao', '2', '流程管理', '/pingTai/processDefinitionPingTaiAction!processDefinitionList.action', '1', '1', '6', '流程管理', 'menuType_houTai', '2', '7', null, 'main_46.gif');
INSERT INTO pingtai_menu VALUES ('23', null, '2011-06-01 15:09:27', 'youXiao', '3', '流程任务管理', '#', '1', '1', '1', '购物管理', 'menuType_houTai', '1', '1', null, null);
INSERT INTO pingtai_menu VALUES ('35', '2010-11-23 11:12:33', '2010-11-23 11:20:16', 'youXiao', '1', '部门管理', '/pingTai/departmentPingTaiAction!departmentList.action', '1', '1', '6', '部门管理', 'menuType_houTai', '2', '2', null, 'main_48.gif');
INSERT INTO pingtai_menu VALUES ('43', '2011-04-23 11:03:47', '2011-04-23 11:04:34', 'youXiao', '1', '系统日志', '/pingTai/sysLogPingTaiAction!icCardList.action', '1', '1', '6', '系统日志', 'menuType_houTai', '2', '10', null, 'main_52.gif');
INSERT INTO pingtai_menu VALUES ('50', '2011-06-01 15:10:01', null, 'youXiao', '0', '任务列表', '/pingTai/taskLogPingTaiAction!taskLogList.action', '1', null, '23', '任务列表', 'menuType_houTai', '2', '1', null, 'main_48.gif');
INSERT INTO pingtai_menu VALUES ('51', '2011-06-01 15:12:40', null, 'youXiao', '0', '请假管理', '/applicationAdmin/qingJiaApplicationAdminAction!qingJiaList.action', '1', null, '23', '请假管理', 'menuType_houTai', '2', '2', null, 'main_52.gif');

-- ----------------------------
-- Table structure for `pingtai_operator`
-- ----------------------------
DROP TABLE IF EXISTS `pingtai_operator`;
CREATE TABLE `pingtai_operator` (
  `ids` bigint(20) NOT NULL AUTO_INCREMENT,
  `createdDate` datetime DEFAULT NULL,
  `modifiedDate` datetime DEFAULT NULL,
  `valid` varchar(7) COLLATE utf8_bin DEFAULT NULL,
  `version` bigint(20) DEFAULT NULL,
  `description` varchar(200) COLLATE utf8_bin DEFAULT NULL,
  `names` varchar(25) COLLATE utf8_bin DEFAULT NULL,
  `url` varchar(200) COLLATE utf8_bin DEFAULT NULL,
  `creatorUserIds` bigint(20) DEFAULT NULL,
  `modifiedUserIds` bigint(20) DEFAULT NULL,
  `operatorClassIds` bigint(20) DEFAULT NULL,
  `type` varchar(25) COLLATE utf8_bin DEFAULT NULL,
  PRIMARY KEY (`ids`),
  UNIQUE KEY `ids` (`ids`),
  KEY `FK8FA95059BF045F6D` (`creatorUserIds`),
  KEY `FK8FA950599BC52230` (`modifiedUserIds`),
  KEY `FK8FA95059DCA344F7` (`operatorClassIds`),
  CONSTRAINT `FK8FA950599BC52230` FOREIGN KEY (`modifiedUserIds`) REFERENCES `pingtai_user` (`ids`),
  CONSTRAINT `FK8FA95059BF045F6D` FOREIGN KEY (`creatorUserIds`) REFERENCES `pingtai_user` (`ids`)
) ENGINE=InnoDB AUTO_INCREMENT=214 DEFAULT CHARSET=utf8 COLLATE=utf8_bin;

-- ----------------------------
-- Records of pingtai_operator
-- ----------------------------
INSERT INTO pingtai_operator VALUES ('4', '2010-11-01 11:35:06', null, 'youXiao', '0', '公共功能URL', '默认Action', '/loginPackage/pingTaiDefaultAction!execute.action', '1', null, null, '公共功能');
INSERT INTO pingtai_operator VALUES ('5', '2010-11-01 11:35:53', '2010-11-01 12:01:36', 'youXiao', '2', '图片上传', 'kindEditor上传', '/pingTai/kindEditorFileUploadAction!uploadImage.action', '1', '1', null, '公共功能');
INSERT INTO pingtai_operator VALUES ('6', '2010-11-01 11:37:18', '2010-11-01 12:01:44', 'youXiao', '2', '图片管理', 'kindEditor管理', '/pingTai/kindEditorFileUploadAction!imageFileManager.action', '1', '1', null, '公共功能');
INSERT INTO pingtai_operator VALUES ('7', '2010-11-01 11:38:30', null, 'youXiao', '0', '验证登陆', '验证登陆', '/loginPackage/loginPingTaiAction!loginPingTai.action', '1', null, null, '后台登陆');
INSERT INTO pingtai_operator VALUES ('8', '2010-11-01 11:40:24', null, 'youXiao', '0', '查询菜单', '查询菜单', '/loginPackage/loginPingTaiAction!selectOperator.action', '1', null, null, '后台登陆');
INSERT INTO pingtai_operator VALUES ('9', '2010-11-01 11:40:52', null, 'youXiao', '0', '字典保存', '字典保存', '/pingTai/dictPingTaiAction!saveDictType.action', '1', null, null, '字典管理');
INSERT INTO pingtai_operator VALUES ('10', '2010-11-01 11:41:36', null, 'youXiao', '0', '字典列表', '字典列表', '/pingTai/dictPingTaiAction!dictTypeList.action', '1', null, null, '字典管理');
INSERT INTO pingtai_operator VALUES ('11', '2010-11-01 11:42:01', null, 'youXiao', '0', '字典查看', '字典查看', '/pingTai/dictPingTaiAction!viewDicts.action', '1', null, null, '字典管理');
INSERT INTO pingtai_operator VALUES ('12', '2010-11-01 11:42:31', null, 'youXiao', '0', '字典更新', '字典更新', '/pingTai/dictPingTaiAction!updateDictType.action', '1', null, null, '字典管理');
INSERT INTO pingtai_operator VALUES ('13', '2010-11-01 11:43:04', null, 'youXiao', '0', '字典删除', '字典删除', '/pingTai/dictPingTaiAction!deleteDictType.action', '1', null, null, '字典管理');
INSERT INTO pingtai_operator VALUES ('14', '2010-11-01 11:43:28', null, 'youXiao', '0', '用户列表', '用户列表', '/pingTai/userPingTaiAction!userList.action', '1', null, null, '用户管理');
INSERT INTO pingtai_operator VALUES ('15', '2010-11-01 11:44:00', '2010-11-01 16:38:05', 'youXiao', '1', '添加用户', '保存用户', '/pingTai/userPingTaiAction!userAdd.action', '1', '1', null, '用户管理');
INSERT INTO pingtai_operator VALUES ('16', '2010-11-01 11:44:45', '2010-11-12 22:42:56', 'youXiao', '1', '查看用户', '准备更新用户', '/pingTai/userPingTaiAction!toUpdateUser.action', '1', '1', null, '用户管理');
INSERT INTO pingtai_operator VALUES ('17', '2010-11-01 11:45:34', null, 'youXiao', '0', '更新用户', '更新用户', '/pingTai/userPingTaiAction!updateUser.action', '1', null, null, '用户管理');
INSERT INTO pingtai_operator VALUES ('18', '2010-11-01 11:46:05', null, 'youXiao', '0', '删除用户', '删除用户', '/pingTai/userPingTaiAction!deleteUser.action', '1', null, null, '用户管理');
INSERT INTO pingtai_operator VALUES ('19', '2010-11-01 11:46:30', null, 'youXiao', '0', '用户所在组', '用户所在组', '/pingTai/userPingTaiAction!userGroupView.action', '1', null, null, '用户管理');
INSERT INTO pingtai_operator VALUES ('20', '2010-11-01 11:47:03', null, 'youXiao', '0', '更新用户所在组', '更新用户所在组', '/pingTai/userPingTaiAction!userGroupUpdate.action', '1', null, null, '用户管理');
INSERT INTO pingtai_operator VALUES ('21', '2010-11-01 11:47:34', null, 'youXiao', '0', '用户分组保存', '用户分组保存', '/pingTai/groupPingTaiAction!saveGroup.action', '1', null, null, '用户分组');
INSERT INTO pingtai_operator VALUES ('22', '2010-11-01 11:48:02', null, 'youXiao', '0', '用户分组查看', '用户分组查看', '/pingTai/groupPingTaiAction!viewGroup.action', '1', null, null, '用户分组');
INSERT INTO pingtai_operator VALUES ('23', '2010-11-01 11:48:30', null, 'youXiao', '0', '用户分组更新', '用户分组更新', '/pingTai/groupPingTaiAction!updateGroup.action', '1', null, null, '用户分组');
INSERT INTO pingtai_operator VALUES ('24', '2010-11-01 11:49:22', null, 'youXiao', '0', '用户分组删除', '用户分组删除', '/pingTai/groupPingTaiAction!deleteGroup.action', '1', null, null, '用户分组');
INSERT INTO pingtai_operator VALUES ('25', '2010-11-01 11:49:45', null, 'youXiao', '0', '用户分组列表', '用户分组列表', '/pingTai/groupPingTaiAction!groupList.action', '1', null, null, '用户分组');
INSERT INTO pingtai_operator VALUES ('26', '2010-11-01 11:50:10', null, 'youXiao', '0', '拥有的角色', '拥有的角色', '/pingTai/groupPingTaiAction!groupRoleView.action', '1', null, null, '用户分组');
INSERT INTO pingtai_operator VALUES ('27', '2010-11-01 11:50:45', null, 'youXiao', '0', '更新拥有的角色', '更新拥有的角色', '/pingTai/groupPingTaiAction!groupRoleUpdate.action', '1', null, null, '用户分组');
INSERT INTO pingtai_operator VALUES ('28', '2010-11-01 11:51:15', null, 'youXiao', '0', '角色保存', '角色保存', '/pingTai/rolePingTaiAction!saveRole.action', '1', null, null, '角色管理');
INSERT INTO pingtai_operator VALUES ('29', '2010-11-01 11:51:39', null, 'youXiao', '0', '角色查看', '角色查看', '/pingTai/rolePingTaiAction!viewRole.action', '1', null, null, '角色管理');
INSERT INTO pingtai_operator VALUES ('30', '2010-11-01 11:52:00', null, 'youXiao', '0', '角色更新', '角色更新', '/pingTai/rolePingTaiAction!updateRole.action', '1', null, null, '角色管理');
INSERT INTO pingtai_operator VALUES ('31', '2010-11-01 11:52:26', null, 'youXiao', '0', '角色删除', '角色删除', '/pingTai/rolePingTaiAction!deleteRole.action', '1', null, null, '角色管理');
INSERT INTO pingtai_operator VALUES ('32', '2010-11-01 11:53:16', null, 'youXiao', '0', '角色列表', '角色列表', '/pingTai/rolePingTaiAction!roleList.action', '1', null, null, '角色管理');
INSERT INTO pingtai_operator VALUES ('35', '2010-11-01 11:55:03', null, 'youXiao', '0', '功能保存', '功能保存', '/pingTai/operatorPingTaiAction!saveOperator.action', '1', null, null, '功能管理');
INSERT INTO pingtai_operator VALUES ('36', '2010-11-01 11:55:27', null, 'youXiao', '0', '功能查看', '功能查看', '/pingTai/operatorPingTaiAction!viewOperator.action', '1', null, null, '功能管理');
INSERT INTO pingtai_operator VALUES ('37', '2010-11-01 11:55:51', null, 'youXiao', '0', '功能更新', '功能更新', '/pingTai/operatorPingTaiAction!updateOperator.action', '1', null, null, '功能管理');
INSERT INTO pingtai_operator VALUES ('38', '2010-11-01 11:56:14', null, 'youXiao', '0', '功能删除', '功能删除', '/pingTai/operatorPingTaiAction!deleteOperator.action', '1', null, null, '功能管理');
INSERT INTO pingtai_operator VALUES ('39', '2010-11-01 11:56:33', null, 'youXiao', '0', '功能列表', '功能列表', '/pingTai/operatorPingTaiAction!operatorList.action', '1', null, null, '功能管理');
INSERT INTO pingtai_operator VALUES ('40', '2010-11-01 11:57:02', null, 'youXiao', '0', '菜单保存', '菜单保存', '/pingTai/menuPingTaiAction!saveMenu.action', '1', null, null, '菜单管理');
INSERT INTO pingtai_operator VALUES ('41', '2010-11-01 11:57:21', null, 'youXiao', '0', '菜单查看', '菜单查看', '/pingTai/menuPingTaiAction!viewMenu.action', '1', null, null, '菜单管理');
INSERT INTO pingtai_operator VALUES ('42', '2010-11-01 11:57:49', null, 'youXiao', '0', '菜单更新', '菜单更新', '/pingTai/menuPingTaiAction!updateMenu.action', '1', null, null, '菜单管理');
INSERT INTO pingtai_operator VALUES ('43', '2010-11-01 11:58:38', null, 'youXiao', '0', '菜单删除', '菜单删除', '/pingTai/menuPingTaiAction!deleteMenu.action', '1', null, null, '菜单管理');
INSERT INTO pingtai_operator VALUES ('44', '2010-11-01 11:58:59', null, 'youXiao', '0', '菜单列表', '菜单列表', '/pingTai/menuPingTaiAction!menuList.action', '1', null, null, '菜单管理');
INSERT INTO pingtai_operator VALUES ('45', '2010-11-01 16:40:04', null, 'youXiao', '0', '添加用户', '添加用户', '/WEB-INF/jsp/pingtai/user/userAdd.jsp', '1', null, null, '用户管理');
INSERT INTO pingtai_operator VALUES ('46', '2010-11-01 16:42:05', null, 'youXiao', '0', '添加分组', '添加分组', '/WEB-INF/jsp/pingtai/group/groupAdd.jsp', '1', null, null, '用户分组');
INSERT INTO pingtai_operator VALUES ('47', '2010-11-01 16:43:08', null, 'youXiao', '0', '角色添加', '角色添加', '/WEB-INF/jsp/pingtai/role/roleAdd.jsp', '1', null, null, '角色管理');
INSERT INTO pingtai_operator VALUES ('48', '2010-11-01 16:44:24', null, 'youXiao', '0', '功能添加', '功能添加', '/WEB-INF/jsp/pingtai/operator/operatorAdd.jsp', '1', null, null, '功能管理');
INSERT INTO pingtai_operator VALUES ('49', '2010-11-01 16:45:26', null, 'youXiao', '0', '菜单添加', '菜单添加', '/WEB-INF/jsp/pingtai/menu/menuAdd.jsp', '1', null, null, '菜单管理');
INSERT INTO pingtai_operator VALUES ('50', '2010-11-01 23:13:45', null, 'youXiao', '0', '字典添加', '字典添加', '/WEB-INF/jsp/pingtai/dict/dictTypeAdd.jsp', '1', null, null, '字典管理');
INSERT INTO pingtai_operator VALUES ('51', '2010-11-03 10:26:05', null, 'youXiao', '0', '流程列表', '流程列表', '/pingTai/processDefinitionPingTaiAction!processDefinitionList.action', '1', null, null, '流程管理');
INSERT INTO pingtai_operator VALUES ('52', '2010-11-03 10:26:34', null, 'youXiao', '0', '流程部署', '流程部署', '/pingTai/processDefinitionPingTaiAction!processUploadDeploy.action', '1', null, null, '流程管理');
INSERT INTO pingtai_operator VALUES ('53', '2010-11-03 10:26:56', null, 'youXiao', '0', '查看流程图', '查看流程图', '/pingTai/processDefinitionPingTaiAction!viewProcessDefinitionImage.action', '1', null, null, '流程管理');
INSERT INTO pingtai_operator VALUES ('54', '2010-11-03 10:27:26', '2010-11-03 11:56:11', 'youXiao', '1', '流程删除', '流程删除', '/pingTai/processDefinitionPingTaiAction!processRemove.action', '1', '1', null, '流程管理');
INSERT INTO pingtai_operator VALUES ('55', '2010-11-03 16:19:05', null, 'youXiao', '0', '分派列表', '分派列表', '/pingTai/assignModePingTaiAction!assignModeList.action', '1', null, null, '分派方式');
INSERT INTO pingtai_operator VALUES ('56', '2010-11-03 16:19:25', null, 'youXiao', '0', '分派保存', '分派保存', '/pingTai/assignModePingTaiAction!saveAssignMode.action', '1', null, null, '分派方式');
INSERT INTO pingtai_operator VALUES ('57', '2010-11-03 16:19:51', null, 'youXiao', '0', '分派查看', '分派查看', '/pingTai/assignModePingTaiAction!viewAssignMode.action', '1', null, null, '分派方式');
INSERT INTO pingtai_operator VALUES ('58', '2010-11-03 16:20:12', null, 'youXiao', '0', '分派更新', '分派更新', '/pingTai/assignModePingTaiAction!updateAssignMode.action', '1', null, null, '分派方式');
INSERT INTO pingtai_operator VALUES ('59', '2010-11-03 16:20:34', null, 'youXiao', '0', '分派删除', '分派删除', '/pingTai/assignModePingTaiAction!deleteAssignMode.action', '1', null, null, '分派方式');
INSERT INTO pingtai_operator VALUES ('60', '2010-11-03 16:20:57', null, 'youXiao', '0', '分派添加', '分派添加', '/WEB-INF/jsp/pingtai/jbpm/assignMode/assignModeAdd.jsp', '1', null, null, '分派方式');
INSERT INTO pingtai_operator VALUES ('61', '2010-11-03 23:20:28', null, 'youXiao', '0', 'Task分派列表', 'Task分派列表', '/pingTai/processDefinitionPingTaiAction!viewProcessDefinitionTaskList.action', '1', null, null, '流程管理');
INSERT INTO pingtai_operator VALUES ('62', '2010-11-03 23:21:13', null, 'youXiao', '0', 'Task分派保存', 'Task分派保存', '/pingTai/processDefinitionPingTaiAction!saveProcessDefinitionTaskFlowAssign.action', '1', null, null, '流程管理');
INSERT INTO pingtai_operator VALUES ('63', '2010-11-05 15:46:12', null, 'youXiao', '0', '对话框', '对话框', '/pingTai/userPingTaiAction!userListDialog.action', '1', null, null, '用户管理');
INSERT INTO pingtai_operator VALUES ('90', '2010-11-12 22:44:23', null, 'youXiao', '0', '查看用户', '查看用户', '/pingTai/userPingTaiAction!viewUser.action', '1', null, null, '用户管理');
INSERT INTO pingtai_operator VALUES ('91', '2010-11-12 22:51:26', null, 'youXiao', '0', '用户分组修改', '用户分组修改', '/pingTai/groupPingTaiAction!toUpdateGroup.action', '1', null, null, '用户分组');
INSERT INTO pingtai_operator VALUES ('92', '2010-11-12 22:59:34', null, 'youXiao', '0', '修改所在组', '修改所在组', '/pingTai/userPingTaiAction!toUserGroupUpdate.action', '1', null, null, '用户管理');
INSERT INTO pingtai_operator VALUES ('93', '2010-11-12 23:06:03', null, 'youXiao', '0', '修改拥有的角色', '修改拥有的角色', '/pingTai/groupPingTaiAction!toGroupRoleUpdate.action', '1', null, null, '用户分组');
INSERT INTO pingtai_operator VALUES ('95', '2010-11-12 23:21:32', null, 'youXiao', '0', '角色修改', '角色修改', '/pingTai/rolePingTaiAction!toUpdateRole.action', '1', null, null, '角色管理');
INSERT INTO pingtai_operator VALUES ('96', '2010-11-12 23:27:58', null, 'youXiao', '0', '功能修改', '功能修改', '/pingTai/operatorPingTaiAction!toUpdateOperator.action', '1', null, null, '功能管理');
INSERT INTO pingtai_operator VALUES ('97', '2010-11-12 23:34:40', null, 'youXiao', '0', '菜单修改', '菜单修改', '/pingTai/menuPingTaiAction!toUpdateMenu.action', '1', null, null, '菜单管理');
INSERT INTO pingtai_operator VALUES ('98', '2010-11-12 23:48:47', null, 'youXiao', '0', '字典修改', '字典修改', '/pingTai/dictPingTaiAction!toUpdateDictType.action', '1', null, null, '字典管理');
INSERT INTO pingtai_operator VALUES ('99', '2010-11-12 23:54:31', null, 'youXiao', '0', '分派修改', '分派修改', '/pingTai/assignModePingTaiAction!toUpdateAssignMode.action', '1', null, null, '分派方式');
INSERT INTO pingtai_operator VALUES ('143', '2010-11-20 19:36:16', null, 'youXiao', '0', '注销', '注销', '/loginPackage/loginPingTaiAction!logout.action', '1', null, null, '后台登陆');
INSERT INTO pingtai_operator VALUES ('144', '2010-11-20 19:36:50', null, 'youXiao', '0', '后台注销', '后台注销', '/loginPackage/loginPingTaiAction!logout.action', '1', null, null, '后台登陆');
INSERT INTO pingtai_operator VALUES ('145', '2010-11-22 14:28:00', null, 'youXiao', '0', '数据访问级别控制', '能访问的用户', '/pingTai/userPingTaiAction!rowUserList.action', '1', null, null, '用户管理');
INSERT INTO pingtai_operator VALUES ('146', '2010-11-22 15:37:09', null, 'youXiao', '0', '删除能访问的用户', '删除用户', '/pingTai/userPingTaiAction!rowUserListDelete.action', '1', null, null, '用户管理');
INSERT INTO pingtai_operator VALUES ('147', '2010-11-22 16:08:13', null, 'youXiao', '0', '不能访问的用户', '不能访问的用户', '/pingTai/userPingTaiAction!rowUserListNo.action', '1', null, null, '用户管理');
INSERT INTO pingtai_operator VALUES ('148', '2010-11-22 16:44:35', null, 'youXiao', '0', '添加用户', '添加用户', '/pingTai/userPingTaiAction!rowUserListAdd.action', '1', null, null, '用户管理');
INSERT INTO pingtai_operator VALUES ('149', '2010-11-23 11:15:43', null, 'youXiao', '0', '部门保存', '部门保存', '/pingTai/departmentPingTaiAction!saveDepartment.action', '1', null, null, '部门管理');
INSERT INTO pingtai_operator VALUES ('150', '2010-11-23 11:16:08', null, 'youXiao', '0', '部门查看', '部门查看', '/pingTai/departmentPingTaiAction!viewDepartment.action', '1', null, null, '部门管理');
INSERT INTO pingtai_operator VALUES ('151', '2010-11-23 11:16:30', null, 'youXiao', '0', '部门修改', '部门修改', '/pingTai/departmentPingTaiAction!toUpdateDepartment.action', '1', null, null, '部门管理');
INSERT INTO pingtai_operator VALUES ('152', '2010-11-23 11:17:00', null, 'youXiao', '0', '部门更新', '部门更新', '/pingTai/departmentPingTaiAction!updateDepartment.action', '1', null, null, '部门管理');
INSERT INTO pingtai_operator VALUES ('153', '2010-11-23 11:17:21', null, 'youXiao', '0', '部门删除', '部门删除', '/pingTai/departmentPingTaiAction!deleteDepartment.action', '1', null, null, '部门管理');
INSERT INTO pingtai_operator VALUES ('154', '2010-11-23 11:17:47', '2010-11-23 11:59:53', 'youXiao', '1', '部门列表', '部门列表', '/pingTai/departmentPingTaiAction!departmentList.action', '1', '1', null, '部门管理');
INSERT INTO pingtai_operator VALUES ('155', '2010-11-23 11:18:11', null, 'youXiao', '0', '部门添加', '部门添加', '/WEB-INF/jsp/pingtai/department/departmentAdd.jsp', '1', null, null, '部门管理');
INSERT INTO pingtai_operator VALUES ('156', '2010-11-24 13:38:16', null, 'youXiao', '0', '部门对话框', '部门对话框', '/pingTai/departmentPingTaiAction!departmentListDialog.action', '1', null, null, '部门管理');
INSERT INTO pingtai_operator VALUES ('157', '2010-11-26 15:47:28', '2010-11-26 15:53:58', 'youXiao', '1', '对话框树', '对话框树', '/pingTai/userPingTaiAction!userListDialogTree.action', '1', '1', null, '用户管理');
INSERT INTO pingtai_operator VALUES ('161', '2010-12-01 11:51:08', null, 'youXiao', '0', '角色拥有的功能', '角色拥有的功能', '/pingTai/operatorPingTaiAction!roleOperatorView.action', '1', null, null, '功能管理');
INSERT INTO pingtai_operator VALUES ('162', '2010-12-01 11:51:28', null, 'youXiao', '0', '角色没有的功能', '角色没有的功能', '/pingTai/operatorPingTaiAction!roleNoOperatorView.action', '1', null, null, '功能管理');
INSERT INTO pingtai_operator VALUES ('163', '2010-12-01 11:51:49', null, 'youXiao', '0', '角色删除功能', '角色删除功能', '/pingTai/operatorPingTaiAction!roleOperatorDelete.action', '1', null, null, '功能管理');
INSERT INTO pingtai_operator VALUES ('164', '2010-12-01 11:52:10', null, 'youXiao', '0', '角色添加功能', '角色添加功能', '/pingTai/operatorPingTaiAction!roleOperatorAdd.action', '1', null, null, '功能管理');
INSERT INTO pingtai_operator VALUES ('165', '2010-12-05 14:44:00', null, 'youXiao', '0', '泳道列表', '泳道列表', '/pingTai/swimlanePingTaiAction!swimlaneList.action', '1', null, null, '流程管理');
INSERT INTO pingtai_operator VALUES ('166', '2010-12-05 14:44:25', null, 'youXiao', '0', '泳道更新', '泳道更新', '/pingTai/swimlanePingTaiAction!swimlaneUpdate.action', '1', null, null, '流程管理');
INSERT INTO pingtai_operator VALUES ('167', '2011-02-26 10:30:18', null, 'youXiao', '0', '请假列表', '请假列表', '/applicationAdmin/qingJiaApplicationAdminAction!qingJiaList.action', '1', null, null, '请假管理');
INSERT INTO pingtai_operator VALUES ('168', null, '2011-02-27 11:09:42', 'youXiao', '4', '领取请假单', '领取请假单', '/applicationAdmin/qingJiaApplicationAdminAction!qingJiaStart.action', '1', '1', null, '请假管理');
INSERT INTO pingtai_operator VALUES ('169', '2011-02-26 18:52:53', null, 'youXiao', '0', '任务列表', '任务列表', '/pingTai/taskLogPingTaiAction!taskLogList.action', '1', null, null, '任务管理');
INSERT INTO pingtai_operator VALUES ('170', '2011-02-26 19:20:49', null, 'youXiao', '0', '任务状态', '任务状态', '/pingTai/taskLogPingTaiAction!viewTaskState.action', '1', null, null, '任务管理');
INSERT INTO pingtai_operator VALUES ('171', '2011-02-27 11:15:17', null, 'youXiao', '0', '填写请假单', '填写请假单', '/applicationAdmin/qingJiaApplicationAdminAction!qingJiaAdd.action', '1', null, null, '请假管理');
INSERT INTO pingtai_operator VALUES ('172', '2011-02-27 11:15:43', null, 'youXiao', '0', '保存请假单', '保存请假单', '/applicationAdmin/qingJiaApplicationAdminAction!qingJiaSave.action', '1', null, null, '请假管理');
INSERT INTO pingtai_operator VALUES ('173', '2011-02-27 16:01:38', null, 'youXiao', '0', '部门经理审批', '部门经理审批', '/applicationAdmin/qingJiaApplicationAdminAction!buMenJingLiAdd.action', '1', null, null, '请假管理');
INSERT INTO pingtai_operator VALUES ('174', '2011-02-27 16:02:06', null, 'youXiao', '0', '部门经理保存', '部门经理保存', '/applicationAdmin/qingJiaApplicationAdminAction!buMenJingLiSave.action', '1', null, null, '请假管理');
INSERT INTO pingtai_operator VALUES ('175', '2011-02-27 16:02:27', null, 'youXiao', '0', '总经理审批', '总经理审批', '/applicationAdmin/qingJiaApplicationAdminAction!zongJingLiAdd.action', '1', null, null, '请假管理');
INSERT INTO pingtai_operator VALUES ('176', '2011-02-27 16:02:55', null, 'youXiao', '0', '总经理保存', '总经理保存', '/applicationAdmin/qingJiaApplicationAdminAction!zongJingLiSave.action', '1', null, null, '请假管理');
INSERT INTO pingtai_operator VALUES ('177', null, '2011-02-28 21:08:37', 'youXiao', '1', '请假单明细', '请假单明细', '/applicationAdmin/qingJiaApplicationAdminAction!qingJiaView.action', '1', '1', null, '请假管理');
INSERT INTO pingtai_operator VALUES ('178', '2011-03-21 19:21:17', null, 'youXiao', '0', '准备登录', '准备登录', '/applicationClient/alipayLoginApplicationClientAction!toLoginJsp.action', '1', null, null, '支付宝');
INSERT INTO pingtai_operator VALUES ('179', '2011-03-21 19:21:43', null, 'youXiao', '0', '登录返回', '登录返回', '/applicationClient/alipayLoginApplicationClientAction!loginReturnUrl.action', '1', null, null, '支付宝');
INSERT INTO pingtai_operator VALUES ('180', '2011-03-21 19:22:08', null, 'youXiao', '0', '准备支付', '准备支付', '/applicationClient/alipayPaymentApplicationClientAction!toAlipayPayment.action', '1', null, null, '支付宝');
INSERT INTO pingtai_operator VALUES ('181', '2011-03-21 19:22:33', null, 'youXiao', '0', '支付返回', '支付返回', '/applicationClient/alipayPaymentApplicationClientAction!alipayReturnUrl.action', '1', null, null, '支付宝');
INSERT INTO pingtai_operator VALUES ('182', '2011-03-21 19:22:52', null, 'youXiao', '0', '支付补单', '支付补单', '/applicationClient/alipayPaymentApplicationClientAction!alipayNotifyUrl.action', '1', null, null, '支付宝');
INSERT INTO pingtai_operator VALUES ('212', '2011-04-23 11:00:14', null, 'youXiao', '0', '日志明细', '日志查看', '/pingTai/sysLogPingTaiAction!viewSysLog.action', '1', null, null, '日志管理');
INSERT INTO pingtai_operator VALUES ('213', '2011-04-23 11:00:49', null, 'youXiao', '0', '日志列表', '日志列表', '/pingTai/sysLogPingTaiAction!icCardList.action', '1', null, null, '日志管理');

-- ----------------------------
-- Table structure for `pingtai_role`
-- ----------------------------
DROP TABLE IF EXISTS `pingtai_role`;
CREATE TABLE `pingtai_role` (
  `ids` bigint(20) NOT NULL AUTO_INCREMENT,
  `createdDate` datetime DEFAULT NULL,
  `modifiedDate` datetime DEFAULT NULL,
  `valid` varchar(7) COLLATE utf8_bin DEFAULT NULL,
  `version` bigint(20) DEFAULT NULL,
  `description` varchar(200) COLLATE utf8_bin DEFAULT NULL,
  `names` varchar(25) COLLATE utf8_bin DEFAULT NULL,
  `creatorUserIds` bigint(20) DEFAULT NULL,
  `modifiedUserIds` bigint(20) DEFAULT NULL,
  PRIMARY KEY (`ids`),
  UNIQUE KEY `ids` (`ids`),
  KEY `FKE47ECAABBF045F6D` (`creatorUserIds`),
  KEY `FKE47ECAAB9BC52230` (`modifiedUserIds`),
  CONSTRAINT `FKE47ECAAB9BC52230` FOREIGN KEY (`modifiedUserIds`) REFERENCES `pingtai_user` (`ids`),
  CONSTRAINT `FKE47ECAABBF045F6D` FOREIGN KEY (`creatorUserIds`) REFERENCES `pingtai_user` (`ids`)
) ENGINE=InnoDB AUTO_INCREMENT=3 DEFAULT CHARSET=utf8 COLLATE=utf8_bin;

-- ----------------------------
-- Records of pingtai_role
-- ----------------------------
INSERT INTO pingtai_role VALUES ('1', '2010-10-29 21:29:19', '2011-06-01 17:32:12', 'youXiao', '321', '管理员', '管理员', '1', '1');
INSERT INTO pingtai_role VALUES ('2', '2010-10-29 21:29:38', '2011-06-01 17:31:57', 'youXiao', '57', '普通用户', '普通用户', '1', '1');

-- ----------------------------
-- Table structure for `pingtai_rolegroup`
-- ----------------------------
DROP TABLE IF EXISTS `pingtai_rolegroup`;
CREATE TABLE `pingtai_rolegroup` (
  `roleIds` bigint(20) NOT NULL,
  `groupIds` bigint(20) NOT NULL,
  PRIMARY KEY (`roleIds`),
  KEY `FK151A2E94D9C46539` (`roleIds`),
  KEY `FK151A2E94F2A388512` (`groupIds`),
  CONSTRAINT `FK151A2E94D9C46539` FOREIGN KEY (`roleIds`) REFERENCES `pingtai_role` (`ids`),
  CONSTRAINT `FK151A2E94F2A388512` FOREIGN KEY (`groupIds`) REFERENCES `pingtai_group` (`ids`)
) ENGINE=InnoDB DEFAULT CHARSET=utf8 COLLATE=utf8_bin;

-- ----------------------------
-- Records of pingtai_rolegroup
-- ----------------------------
INSERT INTO pingtai_rolegroup VALUES ('1', '1');
INSERT INTO pingtai_rolegroup VALUES ('2', '2');

-- ----------------------------
-- Table structure for `pingtai_roleoperator`
-- ----------------------------
DROP TABLE IF EXISTS `pingtai_roleoperator`;
CREATE TABLE `pingtai_roleoperator` (
  `roleIds` bigint(20) NOT NULL,
  `operatorIds` bigint(20) NOT NULL,
  PRIMARY KEY (`roleIds`,`operatorIds`),
  KEY `FK75CF7C6FD9C46539` (`roleIds`),
  KEY `FK75CF7C6FBEA745F9` (`operatorIds`),
  CONSTRAINT `FK75CF7C6FBEA745F9` FOREIGN KEY (`operatorIds`) REFERENCES `pingtai_operator` (`ids`),
  CONSTRAINT `FK75CF7C6FD9C46539` FOREIGN KEY (`roleIds`) REFERENCES `pingtai_role` (`ids`)
) ENGINE=InnoDB DEFAULT CHARSET=utf8 COLLATE=utf8_bin;

-- ----------------------------
-- Records of pingtai_roleoperator
-- ----------------------------
INSERT INTO pingtai_roleoperator VALUES ('1', '4');
INSERT INTO pingtai_roleoperator VALUES ('1', '5');
INSERT INTO pingtai_roleoperator VALUES ('1', '6');
INSERT INTO pingtai_roleoperator VALUES ('1', '7');
INSERT INTO pingtai_roleoperator VALUES ('1', '8');
INSERT INTO pingtai_roleoperator VALUES ('1', '9');
INSERT INTO pingtai_roleoperator VALUES ('1', '10');
INSERT INTO pingtai_roleoperator VALUES ('1', '11');
INSERT INTO pingtai_roleoperator VALUES ('1', '12');
INSERT INTO pingtai_roleoperator VALUES ('1', '13');
INSERT INTO pingtai_roleoperator VALUES ('1', '14');
INSERT INTO pingtai_roleoperator VALUES ('1', '15');
INSERT INTO pingtai_roleoperator VALUES ('1', '16');
INSERT INTO pingtai_roleoperator VALUES ('1', '17');
INSERT INTO pingtai_roleoperator VALUES ('1', '18');
INSERT INTO pingtai_roleoperator VALUES ('1', '19');
INSERT INTO pingtai_roleoperator VALUES ('1', '20');
INSERT INTO pingtai_roleoperator VALUES ('1', '21');
INSERT INTO pingtai_roleoperator VALUES ('1', '22');
INSERT INTO pingtai_roleoperator VALUES ('1', '23');
INSERT INTO pingtai_roleoperator VALUES ('1', '24');
INSERT INTO pingtai_roleoperator VALUES ('1', '25');
INSERT INTO pingtai_roleoperator VALUES ('1', '26');
INSERT INTO pingtai_roleoperator VALUES ('1', '27');
INSERT INTO pingtai_roleoperator VALUES ('1', '28');
INSERT INTO pingtai_roleoperator VALUES ('1', '29');
INSERT INTO pingtai_roleoperator VALUES ('1', '30');
INSERT INTO pingtai_roleoperator VALUES ('1', '31');
INSERT INTO pingtai_roleoperator VALUES ('1', '32');
INSERT INTO pingtai_roleoperator VALUES ('1', '35');
INSERT INTO pingtai_roleoperator VALUES ('1', '36');
INSERT INTO pingtai_roleoperator VALUES ('1', '37');
INSERT INTO pingtai_roleoperator VALUES ('1', '38');
INSERT INTO pingtai_roleoperator VALUES ('1', '39');
INSERT INTO pingtai_roleoperator VALUES ('1', '40');
INSERT INTO pingtai_roleoperator VALUES ('1', '41');
INSERT INTO pingtai_roleoperator VALUES ('1', '42');
INSERT INTO pingtai_roleoperator VALUES ('1', '43');
INSERT INTO pingtai_roleoperator VALUES ('1', '44');
INSERT INTO pingtai_roleoperator VALUES ('1', '45');
INSERT INTO pingtai_roleoperator VALUES ('1', '46');
INSERT INTO pingtai_roleoperator VALUES ('1', '47');
INSERT INTO pingtai_roleoperator VALUES ('1', '48');
INSERT INTO pingtai_roleoperator VALUES ('1', '49');
INSERT INTO pingtai_roleoperator VALUES ('1', '50');
INSERT INTO pingtai_roleoperator VALUES ('1', '51');
INSERT INTO pingtai_roleoperator VALUES ('1', '52');
INSERT INTO pingtai_roleoperator VALUES ('1', '53');
INSERT INTO pingtai_roleoperator VALUES ('1', '54');
INSERT INTO pingtai_roleoperator VALUES ('1', '55');
INSERT INTO pingtai_roleoperator VALUES ('1', '56');
INSERT INTO pingtai_roleoperator VALUES ('1', '57');
INSERT INTO pingtai_roleoperator VALUES ('1', '58');
INSERT INTO pingtai_roleoperator VALUES ('1', '59');
INSERT INTO pingtai_roleoperator VALUES ('1', '60');
INSERT INTO pingtai_roleoperator VALUES ('1', '61');
INSERT INTO pingtai_roleoperator VALUES ('1', '62');
INSERT INTO pingtai_roleoperator VALUES ('1', '63');
INSERT INTO pingtai_roleoperator VALUES ('1', '90');
INSERT INTO pingtai_roleoperator VALUES ('1', '91');
INSERT INTO pingtai_roleoperator VALUES ('1', '92');
INSERT INTO pingtai_roleoperator VALUES ('1', '93');
INSERT INTO pingtai_roleoperator VALUES ('1', '95');
INSERT INTO pingtai_roleoperator VALUES ('1', '96');
INSERT INTO pingtai_roleoperator VALUES ('1', '97');
INSERT INTO pingtai_roleoperator VALUES ('1', '98');
INSERT INTO pingtai_roleoperator VALUES ('1', '99');
INSERT INTO pingtai_roleoperator VALUES ('1', '143');
INSERT INTO pingtai_roleoperator VALUES ('1', '144');
INSERT INTO pingtai_roleoperator VALUES ('1', '145');
INSERT INTO pingtai_roleoperator VALUES ('1', '146');
INSERT INTO pingtai_roleoperator VALUES ('1', '147');
INSERT INTO pingtai_roleoperator VALUES ('1', '148');
INSERT INTO pingtai_roleoperator VALUES ('1', '149');
INSERT INTO pingtai_roleoperator VALUES ('1', '150');
INSERT INTO pingtai_roleoperator VALUES ('1', '151');
INSERT INTO pingtai_roleoperator VALUES ('1', '152');
INSERT INTO pingtai_roleoperator VALUES ('1', '153');
INSERT INTO pingtai_roleoperator VALUES ('1', '154');
INSERT INTO pingtai_roleoperator VALUES ('1', '155');
INSERT INTO pingtai_roleoperator VALUES ('1', '156');
INSERT INTO pingtai_roleoperator VALUES ('1', '157');
INSERT INTO pingtai_roleoperator VALUES ('1', '161');
INSERT INTO pingtai_roleoperator VALUES ('1', '162');
INSERT INTO pingtai_roleoperator VALUES ('1', '163');
INSERT INTO pingtai_roleoperator VALUES ('1', '164');
INSERT INTO pingtai_roleoperator VALUES ('1', '165');
INSERT INTO pingtai_roleoperator VALUES ('1', '166');
INSERT INTO pingtai_roleoperator VALUES ('1', '167');
INSERT INTO pingtai_roleoperator VALUES ('1', '168');
INSERT INTO pingtai_roleoperator VALUES ('1', '169');
INSERT INTO pingtai_roleoperator VALUES ('1', '170');
INSERT INTO pingtai_roleoperator VALUES ('1', '171');
INSERT INTO pingtai_roleoperator VALUES ('1', '172');
INSERT INTO pingtai_roleoperator VALUES ('1', '173');
INSERT INTO pingtai_roleoperator VALUES ('1', '174');
INSERT INTO pingtai_roleoperator VALUES ('1', '175');
INSERT INTO pingtai_roleoperator VALUES ('1', '176');
INSERT INTO pingtai_roleoperator VALUES ('1', '177');
INSERT INTO pingtai_roleoperator VALUES ('1', '178');
INSERT INTO pingtai_roleoperator VALUES ('1', '179');
INSERT INTO pingtai_roleoperator VALUES ('1', '180');
INSERT INTO pingtai_roleoperator VALUES ('1', '181');
INSERT INTO pingtai_roleoperator VALUES ('1', '182');
INSERT INTO pingtai_roleoperator VALUES ('1', '212');
INSERT INTO pingtai_roleoperator VALUES ('1', '213');
INSERT INTO pingtai_roleoperator VALUES ('2', '169');
INSERT INTO pingtai_roleoperator VALUES ('2', '170');

-- ----------------------------
-- Table structure for `pingtai_rolepageoperator`
-- ----------------------------
DROP TABLE IF EXISTS `pingtai_rolepageoperator`;
CREATE TABLE `pingtai_rolepageoperator` (
  `roleIds` bigint(20) NOT NULL,
  `pageOperatorIds` bigint(20) NOT NULL,
  PRIMARY KEY (`roleIds`,`pageOperatorIds`),
  KEY `FK4CE1669EA37D040A` (`pageOperatorIds`),
  KEY `FK4CE1669ED9C46539` (`roleIds`),
  CONSTRAINT `FK4CE1669EA37D040A` FOREIGN KEY (`pageOperatorIds`) REFERENCES `pingtai_operator` (`ids`),
  CONSTRAINT `FK4CE1669ED9C46539` FOREIGN KEY (`roleIds`) REFERENCES `pingtai_role` (`ids`)
) ENGINE=InnoDB DEFAULT CHARSET=utf8 COLLATE=utf8_bin;

-- ----------------------------
-- Records of pingtai_rolepageoperator
-- ----------------------------

-- ----------------------------
-- Table structure for `pingtai_syslog`
-- ----------------------------
DROP TABLE IF EXISTS `pingtai_syslog`;
CREATE TABLE `pingtai_syslog` (
  `ids` bigint(20) NOT NULL AUTO_INCREMENT,
  `createdDate` datetime DEFAULT NULL,
  `modifiedDate` datetime DEFAULT NULL,
  `valid` varchar(7) COLLATE utf8_bin DEFAULT NULL,
  `version` bigint(20) DEFAULT NULL,
  `description` varchar(200) COLLATE utf8_bin DEFAULT NULL,
  `titles` varchar(50) COLLATE utf8_bin DEFAULT NULL,
  `types` char(1) COLLATE utf8_bin DEFAULT NULL,
  `creatorUserIds` bigint(20) DEFAULT NULL,
  `modifiedUserIds` bigint(20) DEFAULT NULL,
  PRIMARY KEY (`ids`),
  UNIQUE KEY `ids` (`ids`),
  KEY `FKC23BE64CBF045F6D` (`creatorUserIds`),
  KEY `FKC23BE64C9BC52230` (`modifiedUserIds`),
  CONSTRAINT `FKC23BE64C9BC52230` FOREIGN KEY (`modifiedUserIds`) REFERENCES `pingtai_user` (`ids`),
  CONSTRAINT `FKC23BE64CBF045F6D` FOREIGN KEY (`creatorUserIds`) REFERENCES `pingtai_user` (`ids`)
) ENGINE=InnoDB DEFAULT CHARSET=utf8 COLLATE=utf8_bin;

-- ----------------------------
-- Records of pingtai_syslog
-- ----------------------------

-- ----------------------------
-- Table structure for `pingtai_user`
-- ----------------------------
DROP TABLE IF EXISTS `pingtai_user`;
CREATE TABLE `pingtai_user` (
  `ids` bigint(20) NOT NULL AUTO_INCREMENT,
  `createdDate` datetime DEFAULT NULL,
  `modifiedDate` datetime DEFAULT NULL,
  `valid` varchar(7) COLLATE utf8_bin DEFAULT NULL,
  `version` bigint(20) DEFAULT NULL,
  `passWord` varchar(200) COLLATE utf8_bin DEFAULT NULL,
  `userClass` varchar(25) COLLATE utf8_bin DEFAULT NULL,
  `userName` varchar(50) COLLATE utf8_bin DEFAULT NULL,
  `creatorUserIds` bigint(20) DEFAULT NULL,
  `modifiedUserIds` bigint(20) DEFAULT NULL,
  `departmentIds` bigint(20) DEFAULT NULL,
  `userInfoIds` bigint(20) DEFAULT NULL,
  `userOperatorDataLevel` varchar(50) COLLATE utf8_bin DEFAULT NULL,
  PRIMARY KEY (`ids`),
  UNIQUE KEY `ids` (`ids`),
  UNIQUE KEY `userInfoIds` (`userInfoIds`),
  KEY `FKE4803600BF045F6D` (`creatorUserIds`),
  KEY `FKE4803600D5C6B2F9` (`departmentIds`),
  KEY `FKE4803600C3431DF9` (`userInfoIds`),
  KEY `FKE48036009BC52230` (`modifiedUserIds`),
  CONSTRAINT `FKE48036009BC52230` FOREIGN KEY (`modifiedUserIds`) REFERENCES `pingtai_user` (`ids`),
  CONSTRAINT `FKE4803600BF045F6D` FOREIGN KEY (`creatorUserIds`) REFERENCES `pingtai_user` (`ids`),
  CONSTRAINT `FKE4803600C3431DF9` FOREIGN KEY (`userInfoIds`) REFERENCES `pingtai_userinfo` (`ids`),
  CONSTRAINT `FKE4803600D5C6B2F9` FOREIGN KEY (`departmentIds`) REFERENCES `pingtai_department` (`ids`)
) ENGINE=InnoDB AUTO_INCREMENT=8 DEFAULT CHARSET=utf8 COLLATE=utf8_bin;

-- ----------------------------
-- Records of pingtai_user
-- ----------------------------
INSERT INTO pingtai_user VALUES ('1', null, '2011-05-24 20:38:00', 'youXiao', '45', '6D08AE8564E289CBFC652C6558335A1530ADD472EE50DCD9C1D8D8F1', 'userClass_houTai', 'admins', '1', '1', '4', '11', 'userOperatorDataLevel_buMenJi');
INSERT INTO pingtai_user VALUES ('6', '2011-04-13 21:02:55', '2011-06-01 15:15:28', 'wuXiao', '16', '7F873D4381095CFF32E81411EA04CEBE0DE91444D1F6A732FA8E4603', 'userClass_houTai', 'test001', '1', '1', '4', '21', 'userOperatorDataLevel_yongHuJi');
INSERT INTO pingtai_user VALUES ('7', '2011-05-23 21:36:57', '2011-06-01 15:15:38', 'wuXiao', '9', 'BF3C4D317FF7964264C95861E8080C8B8EDD5203C94E4CAF900D6FDA', 'userClass_houTai', 'test002', '1', '1', '4', '22', 'userOperatorDataLevel_yongHuJi');

-- ----------------------------
-- Table structure for `pingtai_usergroup`
-- ----------------------------
DROP TABLE IF EXISTS `pingtai_usergroup`;
CREATE TABLE `pingtai_usergroup` (
  `userIds` bigint(20) NOT NULL,
  `groupIds` bigint(20) NOT NULL,
  PRIMARY KEY (`userIds`,`groupIds`),
  KEY `FK154F905F8C37B037` (`groupIds`),
  KEY `FK154F905F7EEF2919` (`userIds`),
  CONSTRAINT `FK154F905F7EEF2919` FOREIGN KEY (`userIds`) REFERENCES `pingtai_user` (`ids`),
  CONSTRAINT `FK154F905F8C37B037` FOREIGN KEY (`groupIds`) REFERENCES `pingtai_group` (`ids`)
) ENGINE=InnoDB DEFAULT CHARSET=utf8 COLLATE=utf8_bin;

-- ----------------------------
-- Records of pingtai_usergroup
-- ----------------------------
INSERT INTO pingtai_usergroup VALUES ('1', '1');
INSERT INTO pingtai_usergroup VALUES ('1', '2');

-- ----------------------------
-- Table structure for `pingtai_userinfo`
-- ----------------------------
DROP TABLE IF EXISTS `pingtai_userinfo`;
CREATE TABLE `pingtai_userinfo` (
  `ids` bigint(20) NOT NULL AUTO_INCREMENT,
  `createdDate` datetime DEFAULT NULL,
  `modifiedDate` datetime DEFAULT NULL,
  `valid` varchar(7) COLLATE utf8_bin DEFAULT NULL,
  `version` bigint(20) DEFAULT NULL,
  `address` varchar(300) COLLATE utf8_bin DEFAULT NULL,
  `avoirdupois` varchar(5) COLLATE utf8_bin DEFAULT NULL,
  `birthday` date DEFAULT NULL,
  `bloodGroup` varchar(15) COLLATE utf8_bin DEFAULT NULL,
  `culture` varchar(30) COLLATE utf8_bin DEFAULT NULL,
  `description` varchar(200) COLLATE utf8_bin DEFAULT NULL,
  `email` varchar(100) COLLATE utf8_bin DEFAULT NULL,
  `finishSchoolDate` date DEFAULT NULL,
  `folk` varchar(20) COLLATE utf8_bin DEFAULT NULL,
  `government` varchar(20) COLLATE utf8_bin DEFAULT NULL,
  `homepage` varchar(100) COLLATE utf8_bin DEFAULT NULL,
  `householder` varchar(20) COLLATE utf8_bin DEFAULT NULL,
  `idCard` varchar(25) COLLATE utf8_bin DEFAULT NULL,
  `marriage` varchar(20) COLLATE utf8_bin DEFAULT NULL,
  `mobile` varchar(20) COLLATE utf8_bin DEFAULT NULL,
  `names` varchar(25) COLLATE utf8_bin DEFAULT NULL,
  `nativityAddress` varchar(20) COLLATE utf8_bin DEFAULT NULL,
  `postboy` varchar(6) COLLATE utf8_bin DEFAULT NULL,
  `qq` varchar(20) COLLATE utf8_bin DEFAULT NULL,
  `schoolName` varchar(20) COLLATE utf8_bin DEFAULT NULL,
  `sex` varchar(5) COLLATE utf8_bin DEFAULT NULL,
  `speciality` varchar(20) COLLATE utf8_bin DEFAULT NULL,
  `stature` varchar(5) COLLATE utf8_bin DEFAULT NULL,
  `telephone` varchar(20) COLLATE utf8_bin DEFAULT NULL,
  `creatorUserIds` bigint(20) DEFAULT NULL,
  `modifiedUserIds` bigint(20) DEFAULT NULL,
  `consumeIntegral` bigint(20) DEFAULT NULL,
  `integral` bigint(20) DEFAULT NULL,
  `inefficacyIntegral` bigint(20) DEFAULT NULL,
  `alipayUserIds` varchar(100) COLLATE utf8_bin DEFAULT NULL,
  `clientLevelEnd` datetime DEFAULT NULL,
  `clientLevelStart` datetime DEFAULT NULL,
  PRIMARY KEY (`ids`),
  UNIQUE KEY `ids` (`ids`),
  KEY `FK9D980ECEBF045F6D` (`creatorUserIds`),
  KEY `FK9D980ECE9BC52230` (`modifiedUserIds`),
  CONSTRAINT `FK9D980ECE9BC52230` FOREIGN KEY (`modifiedUserIds`) REFERENCES `pingtai_user` (`ids`),
  CONSTRAINT `FK9D980ECEBF045F6D` FOREIGN KEY (`creatorUserIds`) REFERENCES `pingtai_user` (`ids`)
) ENGINE=InnoDB AUTO_INCREMENT=26 DEFAULT CHARSET=utf8 COLLATE=utf8_bin;

-- ----------------------------
-- Records of pingtai_userinfo
-- ----------------------------
INSERT INTO pingtai_userinfo VALUES ('11', null, '2011-05-24 20:38:00', 'youXiao', '47', '湖北钟祥', '55', '2010-10-25', 'bloodGroup_A', 'wenHuaChenDu_chuZhong', '湖北钟祥', 'dongcb678@163.com', '2010-10-25', 'folk_han', 'government_dangYuan', 'http://www.4bu4.com', '湖北钟祥', '420881198609285832', 'marriage_no', '13871558042', '管理员', '湖北钟祥', '431924', '150584428', '西安外事学院', 'man', '电子商务', '165', '02765155060', '1', '1', null, null, null, null, null, null);
INSERT INTO pingtai_userinfo VALUES ('12', '2011-04-05 15:32:25', '2011-05-07 12:14:46', 'youXiao', '9', 'AAA', null, null, null, null, 'AAA', 'dongcb678@163.com', null, null, null, null, null, null, null, '13871558042', 'AAA', null, '431924', '150584428', null, null, null, null, '027-65155060', '1', '1', null, null, null, null, null, null);
INSERT INTO pingtai_userinfo VALUES ('13', '2011-04-05 15:36:12', '2011-05-07 12:11:20', 'youXiao', '5', 'BBB', null, null, null, null, 'BBB', 'dongcb678@163.com', null, null, null, null, null, null, null, '13871558042', 'BBB', null, '431924', '150584428', null, null, null, null, '027-65155060', '1', '1', null, null, null, null, null, null);
INSERT INTO pingtai_userinfo VALUES ('14', '2011-04-05 15:42:17', '2011-05-07 11:25:50', 'youXiao', '3', 'CCC', null, null, null, null, 'CCC', 'dongcb678@163.com', null, null, null, null, null, null, null, '18271227821', 'CCC', null, '431924', '150584428', null, null, null, null, '027-65155060', '1', '1', null, null, null, null, null, null);
INSERT INTO pingtai_userinfo VALUES ('15', '2011-04-05 15:51:03', '2011-05-07 11:25:42', 'youXiao', '3', 'DDD', null, null, null, null, 'DDD', 'dongcb678@163.com', null, null, null, null, null, null, null, '13871558042', 'DDD', null, '431924', '150584428', null, null, null, null, '027-65155060', '1', '1', null, null, null, null, null, null);
INSERT INTO pingtai_userinfo VALUES ('16', '2011-04-05 15:53:54', '2011-05-07 11:25:37', 'youXiao', '3', 'EEE', null, null, null, null, 'EEE', 'dongcb678@163.com', null, null, null, null, null, null, null, '13871558042', 'EEE', null, '431924', '150584428', null, null, null, null, '027-65155060', '1', '1', null, null, null, null, null, null);
INSERT INTO pingtai_userinfo VALUES ('17', '2011-04-05 15:57:14', '2011-05-07 11:25:30', 'youXiao', '3', 'FFF', null, null, null, null, 'FFF', 'dongcb678@163.com', null, null, null, null, null, null, null, '13871558042', 'FFF', null, '431924', '150584428', null, null, null, null, '027-65155060', '1', '1', null, null, null, null, null, null);
INSERT INTO pingtai_userinfo VALUES ('18', '2011-04-05 17:53:33', '2011-04-14 14:23:09', 'youXiao', '7', 'GGG', null, null, null, null, 'GGG', 'dongcb678@163.com', null, null, null, null, null, null, null, '13871558042', 'GGG', null, '431924', '150584428', null, null, null, null, '027-65155060', '1', '1', null, null, null, null, null, null);
INSERT INTO pingtai_userinfo VALUES ('19', '2011-04-09 23:40:04', '2011-04-14 14:11:06', 'youXiao', '10', 'III', null, null, null, null, 'III', 'dongcb678@163.com', null, null, null, null, null, null, null, '13871558042', 'III', null, '431924', '150584428', null, null, null, null, '027-65155060', '1', '1', null, null, null, null, null, null);
INSERT INTO pingtai_userinfo VALUES ('21', '2011-04-13 21:02:55', '2011-06-01 15:15:28', 'wuXiao', '16', '钟祥', '66', '2011-04-13', 'bloodGroup_A', 'wenHuaChenDu_dazhaun', '钟祥', 'dongcb678@163.com', '2008-03-13', 'folk_han', 'government_qunZhong', 'http://www.4bu4.com', '钟祥', '420881198609285842', 'marriage_no', '13871558042', '董华健', '钟祥', '431924', '150584429', '西安外事学院', 'man', '电子商务', '166', '027-65155060', '1', '1', null, null, null, null, null, null);
INSERT INTO pingtai_userinfo VALUES ('22', '2011-05-23 21:36:56', '2011-06-01 15:15:38', 'wuXiao', '9', '湖北钟祥', '58', '2011-05-23', 'bloodGroup_A', 'wenHuaChenDu_dazhaun', '湖北钟祥', 'dongcb678@163.com', '2011-05-23', 'folk_han', 'government_qunZhong', 'http://www.4bu4.com', '湖北钟祥', '420881198609285832', 'marriage_no', '13871558042', 'test002', '湖北钟祥', '431924', '150584428', '西安外事学院', 'man', '电子商务', '166', '02765155060', '1', '1', null, null, null, null, null, null);
INSERT INTO pingtai_userinfo VALUES ('24', '2011-05-29 19:24:20', null, 'youXiao', '0', '湖北钟祥', null, null, null, null, '无', 'dongcb678@163.com', null, null, null, null, null, null, null, '13871558042', 'JJJ', null, '431924', '150584428', null, null, null, null, '027-65155060', '1', null, null, null, null, null, null, null);
INSERT INTO pingtai_userinfo VALUES ('25', '2011-05-29 21:53:21', null, 'youXiao', '0', '湖北钟祥', null, null, null, null, '无', 'dongcb678@163.com', null, null, null, null, null, null, null, '13871558042', '董华健', null, '431924', '150584428', null, null, null, null, '027-65155060', '1', null, null, null, null, null, null, null);

-- ----------------------------
-- Table structure for `pingtai_userviewrowbyuser`
-- ----------------------------
DROP TABLE IF EXISTS `pingtai_userviewrowbyuser`;
CREATE TABLE `pingtai_userviewrowbyuser` (
  `userIds` bigint(20) NOT NULL,
  `targetUserIds` bigint(20) NOT NULL,
  PRIMARY KEY (`userIds`,`targetUserIds`),
  KEY `FK5F4B8BF7A50A0268` (`targetUserIds`),
  KEY `FK5F4B8BF77EEF2919` (`userIds`),
  CONSTRAINT `FK5F4B8BF77EEF2919` FOREIGN KEY (`userIds`) REFERENCES `pingtai_user` (`ids`),
  CONSTRAINT `FK5F4B8BF7A50A0268` FOREIGN KEY (`targetUserIds`) REFERENCES `pingtai_user` (`ids`)
) ENGINE=InnoDB DEFAULT CHARSET=utf8 COLLATE=utf8_bin;

-- ----------------------------
-- Records of pingtai_userviewrowbyuser
-- ----------------------------
